웹툰,결제일,수량,장르
간 떨어지는 동거,2020-10-29,2,로맨스
간 떨어지는 동거,2020-12-10,1,로맨스
간 떨어지는 동거,2020-12-23,1,로맨스
간 떨어지는 동거,2020-12-31,1,로맨스
간 떨어지는 동거,2021-01-14,1,로맨스
간 떨어지는 동거,2021-01-21,1,로맨스
후덜덜덜 남극전자,2020-10-29,1,"개그, 연도별웹툰"
후덜덜덜 남극전자,2020-11-06,1,"개그, 연도별웹툰"
후덜덜덜 남극전자,2020-11-13,1,"개그, 연도별웹툰"
후덜덜덜 남극전자,2020-11-20,1,"개그, 연도별웹툰"
후덜덜덜 남극전자,2020-11-27,1,"개그, 연도별웹툰"
후덜덜덜 남극전자,2020-12-04,1,"개그, 연도별웹툰"
후덜덜덜 남극전자,2020-12-11,1,"개그, 연도별웹툰"
후덜덜덜 남극전자,2020-12-18,1,"개그, 연도별웹툰"
후덜덜덜 남극전자,2020-12-25,1,"개그, 연도별웹툰"
후덜덜덜 남극전자,2020-12-31,1,"개그, 연도별웹툰"
후덜덜덜 남극전자,2021-01-15,1,"개그, 연도별웹툰"
후덜덜덜 남극전자,2021-01-22,1,"개그, 연도별웹툰"
후덜덜덜 남극전자,2021-01-29,1,"개그, 연도별웹툰"
후덜덜덜 남극전자,2021-02-05,1,"개그, 연도별웹툰"
후덜덜덜 남극전자,2021-02-11,1,"개그, 연도별웹툰"
후덜덜덜 남극전자,2021-02-18,1,"개그, 연도별웹툰"
후덜덜덜 남극전자,2021-02-25,1,"개그, 연도별웹툰"
후덜덜덜 남극전자,2021-03-04,1,"개그, 연도별웹툰"
후덜덜덜 남극전자,2021-03-12,1,"개그, 연도별웹툰"
후덜덜덜 남극전자,2021-03-18,1,"개그, 연도별웹툰"
후덜덜덜 남극전자,2021-03-26,1,"개그, 연도별웹툰"
후덜덜덜 남극전자,2021-04-02,1,"개그, 연도별웹툰"
후덜덜덜 남극전자,2021-04-10,1,"개그, 연도별웹툰"
후덜덜덜 남극전자,2021-04-16,1,"개그, 연도별웹툰"
후덜덜덜 남극전자,2021-04-24,1,"개그, 연도별웹툰"
후덜덜덜 남극전자,2021-04-29,1,"개그, 연도별웹툰"
후덜덜덜 남극전자,2021-05-07,1,"개그, 연도별웹툰"
후덜덜덜 남극전자,2021-08-06,3,"개그, 연도별웹툰"
후덜덜덜 남극전자,2021-08-13,1,"개그, 연도별웹툰"
후덜덜덜 남극전자,2021-09-17,3,"개그, 연도별웹툰"
후덜덜덜 남극전자,2021-09-23,1,"개그, 연도별웹툰"
후덜덜덜 남극전자,2021-10-08,2,"개그, 연도별웹툰"
후덜덜덜 남극전자,2021-10-16,1,"개그, 연도별웹툰"
후덜덜덜 남극전자,2021-10-22,1,"개그, 연도별웹툰"
도롱이,2020-10-29,1,드라마
도롱이,2020-11-06,1,드라마
도롱이,2020-11-13,1,드라마
도롱이,2020-11-20,1,드라마
도롱이,2020-11-27,1,드라마
도롱이,2020-12-04,1,드라마
도롱이,2020-12-11,1,드라마
도롱이,2020-12-18,1,드라마
도롱이,2020-12-25,1,드라마
도롱이,2020-12-31,1,드라마
도롱이,2021-01-08,1,드라마
도롱이,2021-01-15,1,드라마
도롱이,2021-01-22,1,드라마
도롱이,2021-01-29,1,드라마
도롱이,2021-02-05,1,드라마
도롱이,2021-02-11,1,드라마
도롱이,2021-02-18,1,드라마
도롱이,2021-02-25,1,드라마
도롱이,2021-03-04,1,드라마
도롱이,2021-03-12,1,드라마
도롱이,2021-03-18,1,드라마
도롱이,2021-03-26,1,드라마
도롱이,2021-04-01,1,드라마
도롱이,2021-04-10,1,드라마
도롱이,2024-09-30,49,드라마
닥터 프로스트 시즌...,2020-10-29,1,드라마
닥터 프로스트 시즌...,2020-11-06,1,드라마
닥터 프로스트 시즌...,2020-11-13,1,드라마
닥터 프로스트 시즌...,2020-11-20,1,드라마
닥터 프로스트 시즌...,2020-11-27,1,드라마
닥터 프로스트 시즌...,2020-12-04,1,드라마
닥터 프로스트 시즌...,2020-12-11,1,드라마
닥터 프로스트 시즌...,2020-12-18,1,드라마
닥터 프로스트 시즌...,2020-12-25,1,드라마
닥터 프로스트 시즌...,2020-12-31,1,드라마
닥터 프로스트 시즌...,2021-01-08,1,드라마
닥터 프로스트 시즌...,2021-01-15,1,드라마
닥터 프로스트 시즌...,2021-01-22,1,드라마
닥터 프로스트 시즌...,2021-01-29,1,드라마
닥터 프로스트 시즌...,2021-02-05,1,드라마
닥터 프로스트 시즌...,2021-02-11,1,드라마
닥터 프로스트 시즌...,2021-02-18,1,드라마
닥터 프로스트 시즌...,2021-02-25,1,드라마
닥터 프로스트 시즌...,2021-03-04,1,드라마
닥터 프로스트 시즌...,2021-03-12,1,드라마
닥터 프로스트 시즌...,2021-03-18,1,드라마
닥터 프로스트 시즌...,2021-03-26,1,드라마
닥터 프로스트 시즌...,2021-04-02,1,드라마
닥터 프로스트 시즌...,2021-04-10,1,드라마
닥터 프로스트 시즌...,2021-04-16,1,드라마
닥터 프로스트 시즌...,2021-04-23,1,드라마
닥터 프로스트 시즌...,2021-04-29,1,드라마
닥터 프로스트 시즌...,2021-05-07,1,드라마
닥터 프로스트 시즌...,2021-05-21,2,드라마
닥터 프로스트 시즌...,2021-05-28,1,드라마
닥터 프로스트 시즌...,2021-06-04,1,드라마
닥터 프로스트 시즌...,2021-06-11,1,드라마
닥터 프로스트 시즌...,2021-06-18,1,드라마
닥터 프로스트 시즌...,2021-06-25,1,드라마
닥터 프로스트 시즌...,2021-07-02,1,드라마
닥터 프로스트 시즌...,2021-07-09,1,드라마
닥터 프로스트 시즌...,2021-07-23,2,드라마
닥터 프로스트 시즌...,2021-07-31,1,드라마
닥터 프로스트 시즌...,2021-08-06,1,드라마
닥터 프로스트 시즌...,2021-08-13,1,드라마
닥터 프로스트 시즌...,2021-08-27,1,드라마
닥터 프로스트 시즌...,2021-09-05,1,드라마
트럼프,2020-10-29,1,판타지
트럼프,2020-11-06,1,판타지
트럼프,2020-11-13,1,판타지
트럼프,2020-11-20,1,판타지
트럼프,2020-11-27,1,판타지
트럼프,2020-12-04,1,판타지
트럼프,2020-12-11,1,판타지
트럼프,2020-12-18,1,판타지
트럼프,2020-12-25,1,판타지
트럼프,2020-12-31,1,판타지
트럼프,2021-01-08,1,판타지
트럼프,2021-01-15,1,판타지
트럼프,2021-01-22,1,판타지
트럼프,2021-01-29,1,판타지
트럼프,2021-02-05,1,판타지
트럼프,2021-02-11,1,판타지
트럼프,2021-02-18,1,판타지
트럼프,2021-02-25,1,판타지
트럼프,2021-03-04,1,판타지
트럼프,2021-03-12,1,판타지
트럼프,2021-03-18,1,판타지
트럼프,2021-03-26,1,판타지
트럼프,2021-04-02,1,판타지
트럼프,2021-04-10,1,판타지
트럼프,2021-04-16,1,판타지
트럼프,2021-04-23,1,판타지
트럼프,2021-04-29,1,판타지
트럼프,2021-05-07,1,판타지
트럼프,2021-05-21,2,판타지
트럼프,2021-05-28,1,판타지
트럼프,2021-06-04,1,판타지
트럼프,2021-06-11,1,판타지
트럼프,2021-06-18,1,판타지
트럼프,2021-06-25,1,판타지
트럼프,2021-07-02,1,판타지
트럼프,2021-07-09,1,판타지
트럼프,2021-07-23,2,판타지
트럼프,2021-07-31,1,판타지
트럼프,2021-08-06,1,판타지
트럼프,2021-08-13,1,판타지
트럼프,2021-08-27,2,판타지
트럼프,2021-09-05,1,판타지
트럼프,2021-09-10,1,판타지
트럼프,2021-09-17,1,판타지
트럼프,2021-09-24,1,판타지
트럼프,2021-10-08,2,판타지
트럼프,2021-10-22,2,판타지
트럼프,2021-10-29,1,판타지
트럼프,2021-11-04,1,판타지
트럼프,2021-11-11,1,판타지
트럼프,2021-11-22,1,판타지
트럼프,2021-11-26,1,판타지
트럼프,2021-12-03,1,판타지
트럼프,2021-12-10,1,판타지
트럼프,2021-12-16,1,판타지
트럼프,2021-12-23,1,판타지
트럼프,2021-12-31,1,판타지
트럼프,2022-01-07,1,판타지
트럼프,2022-01-14,1,판타지
트럼프,2022-01-21,1,판타지
트럼프,2022-02-01,1,판타지
트럼프,2022-02-04,1,판타지
트럼프,2022-02-11,1,판타지
트럼프,2022-02-25,2,판타지
트럼프,2022-03-04,1,판타지
트럼프,2022-03-11,1,판타지
트럼프,2022-03-18,1,판타지
트럼프,2022-03-24,1,판타지
트럼프,2022-04-02,1,판타지
트럼프,2022-04-14,1,판타지
트럼프,2022-04-22,1,판타지
트럼프,2022-05-20,4,판타지
트럼프,2022-05-29,1,판타지
트럼프,2022-07-22,5,판타지
트럼프,2022-07-29,1,판타지
트럼프,2022-08-04,1,판타지
트럼프,2022-08-12,1,판타지
트럼프,2022-08-19,1,판타지
트럼프,2022-08-26,1,판타지
트럼프,2022-09-02,1,판타지
트럼프,2022-09-12,1,판타지
트럼프,2022-09-16,1,판타지
트럼프,2022-09-23,1,판타지
트럼프,2022-09-30,1,판타지
트럼프,2022-10-07,1,판타지
트럼프,2022-10-14,1,판타지
트럼프,2022-11-05,1,판타지
나노리스트,2020-10-30,2,판타지
나노리스트,2020-11-03,40,판타지
나노리스트,2020-11-05,26,판타지
노네임드(NoNam...,2020-10-30,20,스릴러
노네임드(NoNam...,2020-11-01,2,스릴러
노네임드(NoNam...,2020-11-02,19,스릴러
노네임드(NoNam...,2020-11-05,3,스릴러
노네임드(NoNam...,2020-11-06,3,스릴러
노네임드(NoNam...,2020-11-07,1,스릴러
노네임드(NoNam...,2020-11-09,20,스릴러
노네임드(NoNam...,2020-11-10,43,스릴러
노네임드(NoNam...,2020-11-11,3,스릴러
노네임드(NoNam...,2020-11-12,9,스릴러
노네임드(NoNam...,2022-08-29,2,스릴러
취사병 전설이 되다,2020-10-31,2,"판타지, 연도별웹툰"
취사병 전설이 되다,2020-11-06,1,"판타지, 연도별웹툰"
취사병 전설이 되다,2020-11-14,1,"판타지, 연도별웹툰"
취사병 전설이 되다,2020-11-21,1,"판타지, 연도별웹툰"
취사병 전설이 되다,2020-11-28,1,"판타지, 연도별웹툰"
취사병 전설이 되다,2020-12-05,1,"판타지, 연도별웹툰"
취사병 전설이 되다,2020-12-12,1,"판타지, 연도별웹툰"
취사병 전설이 되다,2020-12-18,1,"판타지, 연도별웹툰"
취사병 전설이 되다,2020-12-26,1,"판타지, 연도별웹툰"
취사병 전설이 되다,2021-01-02,1,"판타지, 연도별웹툰"
먹지마세요,2020-10-31,2,"판타지, 연도별웹툰"
먹지마세요,2021-02-27,2,"판타지, 연도별웹툰"
먹지마세요,2021-09-19,5,"판타지, 연도별웹툰"
먹지마세요,2021-09-26,1,"판타지, 연도별웹툰"
먹지마세요,2021-10-02,1,"판타지, 연도별웹툰"
먹지마세요,2021-10-09,1,"판타지, 연도별웹툰"
먹지마세요,2021-12-04,3,"판타지, 연도별웹툰"
먹지마세요,2023-04-18,3,"판타지, 연도별웹툰"
먹지마세요,2023-04-22,1,"판타지, 연도별웹툰"
먹지마세요,2023-04-29,1,"판타지, 연도별웹툰"
먹지마세요,2023-05-06,1,"판타지, 연도별웹툰"
먹지마세요,2023-05-14,1,"판타지, 연도별웹툰"
먹지마세요,2023-05-21,1,"판타지, 연도별웹툰"
먹지마세요,2023-05-27,1,"판타지, 연도별웹툰"
먹지마세요,2023-06-03,1,"판타지, 연도별웹툰"
먹지마세요,2023-06-10,1,"판타지, 연도별웹툰"
먹지마세요,2023-08-26,2,"판타지, 연도별웹툰"
먹지마세요,2023-09-18,2,"판타지, 연도별웹툰"
먹지마세요,2023-09-24,1,"판타지, 연도별웹툰"
먹지마세요,2023-10-21,2,"판타지, 연도별웹툰"
먹지마세요,2023-10-29,1,"판타지, 연도별웹툰"
먹지마세요,2023-11-04,1,"판타지, 연도별웹툰"
먹지마세요,2023-11-12,1,"판타지, 연도별웹툰"
먹지마세요,2023-12-16,2,"판타지, 연도별웹툰"
먹지마세요,2024-02-03,2,"판타지, 연도별웹툰"
먹지마세요,2024-02-10,1,"판타지, 연도별웹툰"
먹지마세요,2024-02-17,1,"판타지, 연도별웹툰"
먹지마세요,2024-03-02,1,"판타지, 연도별웹툰"
먹지마세요,2024-03-09,1,"판타지, 연도별웹툰"
먹지마세요,2024-03-16,1,"판타지, 연도별웹툰"
먹지마세요,2024-03-23,1,"판타지, 연도별웹툰"
먹지마세요,2024-03-30,1,"판타지, 연도별웹툰"
먹지마세요,2024-04-06,1,"판타지, 연도별웹툰"
먹지마세요,2024-04-17,1,"판타지, 연도별웹툰"
먹지마세요,2024-04-20,1,"판타지, 연도별웹툰"
신이 담긴 아이,2020-11-01,1,판타지
신이 담긴 아이,2020-12-20,3,판타지
신이 담긴 아이,2020-12-27,1,판타지
신이 담긴 아이,2021-01-02,1,판타지
신이 담긴 아이,2021-01-09,1,판타지
신이 담긴 아이,2021-01-17,1,판타지
신이 담긴 아이,2021-01-23,1,판타지
신이 담긴 아이,2021-01-30,1,판타지
신이 담긴 아이,2021-02-06,1,판타지
신이 담긴 아이,2021-02-14,1,판타지
신이 담긴 아이,2021-02-20,1,판타지
신이 담긴 아이,2021-02-27,1,판타지
신이 담긴 아이,2021-03-07,1,판타지
신이 담긴 아이,2021-03-14,1,판타지
신이 담긴 아이,2021-03-22,1,판타지
신이 담긴 아이,2021-03-27,1,판타지
신이 담긴 아이,2021-04-04,1,판타지
신이 담긴 아이,2021-12-12,2,판타지
닥터앤닥터 육아일기,2020-11-01,1,"일상, 연도별웹툰"
닥터앤닥터 육아일기,2020-11-03,1,"일상, 연도별웹툰"
닥터앤닥터 육아일기,2020-11-15,3,"일상, 연도별웹툰"
닥터앤닥터 육아일기,2020-11-18,1,"일상, 연도별웹툰"
닥터앤닥터 육아일기,2020-11-22,1,"일상, 연도별웹툰"
닥터앤닥터 육아일기,2020-11-24,1,"일상, 연도별웹툰"
닥터앤닥터 육아일기,2020-11-29,1,"일상, 연도별웹툰"
닥터앤닥터 육아일기,2020-12-01,1,"일상, 연도별웹툰"
닥터앤닥터 육아일기,2020-12-06,1,"일상, 연도별웹툰"
닥터앤닥터 육아일기,2020-12-09,1,"일상, 연도별웹툰"
닥터앤닥터 육아일기,2020-12-13,1,"일상, 연도별웹툰"
닥터앤닥터 육아일기,2020-12-15,1,"일상, 연도별웹툰"
닥터앤닥터 육아일기,2020-12-20,1,"일상, 연도별웹툰"
닥터앤닥터 육아일기,2020-12-23,1,"일상, 연도별웹툰"
닥터앤닥터 육아일기,2020-12-27,1,"일상, 연도별웹툰"
닥터앤닥터 육아일기,2020-12-30,1,"일상, 연도별웹툰"
닥터앤닥터 육아일기,2021-01-02,1,"일상, 연도별웹툰"
닥터앤닥터 육아일기,2021-01-05,1,"일상, 연도별웹툰"
닥터앤닥터 육아일기,2021-01-09,1,"일상, 연도별웹툰"
닥터앤닥터 육아일기,2021-01-12,1,"일상, 연도별웹툰"
닥터앤닥터 육아일기,2021-01-17,1,"일상, 연도별웹툰"
닥터앤닥터 육아일기,2021-01-22,1,"일상, 연도별웹툰"
닥터앤닥터 육아일기,2021-01-24,1,"일상, 연도별웹툰"
닥터앤닥터 육아일기,2021-02-28,4,"일상, 연도별웹툰"
닥터앤닥터 육아일기,2021-03-02,1,"일상, 연도별웹툰"
닥터앤닥터 육아일기,2021-03-07,1,"일상, 연도별웹툰"
닥터앤닥터 육아일기,2021-03-10,1,"일상, 연도별웹툰"
닥터앤닥터 육아일기,2021-03-14,1,"일상, 연도별웹툰"
닥터앤닥터 육아일기,2021-03-17,1,"일상, 연도별웹툰"
닥터앤닥터 육아일기,2021-03-22,1,"일상, 연도별웹툰"
닥터앤닥터 육아일기,2021-03-23,1,"일상, 연도별웹툰"
닥터앤닥터 육아일기,2021-03-27,1,"일상, 연도별웹툰"
닥터앤닥터 육아일기,2021-03-30,1,"일상, 연도별웹툰"
닥터앤닥터 육아일기,2021-04-04,1,"일상, 연도별웹툰"
닥터앤닥터 육아일기,2021-04-07,1,"일상, 연도별웹툰"
닥터앤닥터 육아일기,2021-04-10,1,"일상, 연도별웹툰"
닥터앤닥터 육아일기,2021-04-14,1,"일상, 연도별웹툰"
닥터앤닥터 육아일기,2021-04-18,1,"일상, 연도별웹툰"
닥터앤닥터 육아일기,2021-04-21,1,"일상, 연도별웹툰"
닥터앤닥터 육아일기,2021-06-20,5,"일상, 연도별웹툰"
닥터앤닥터 육아일기,2021-06-24,1,"일상, 연도별웹툰"
닥터앤닥터 육아일기,2021-06-27,1,"일상, 연도별웹툰"
닥터앤닥터 육아일기,2021-10-09,5,"일상, 연도별웹툰"
닥터앤닥터 육아일기,2021-10-13,1,"일상, 연도별웹툰"
닥터앤닥터 육아일기,2021-10-17,1,"일상, 연도별웹툰"
닥터앤닥터 육아일기,2021-10-20,1,"일상, 연도별웹툰"
닥터앤닥터 육아일기,2021-10-23,1,"일상, 연도별웹툰"
닥터앤닥터 육아일기,2021-10-27,1,"일상, 연도별웹툰"
닥터앤닥터 육아일기,2021-10-31,1,"일상, 연도별웹툰"
닥터앤닥터 육아일기,2021-11-03,1,"일상, 연도별웹툰"
합격시켜주세용,2020-11-01,1,판타지
합격시켜주세용,2020-11-08,1,판타지
합격시켜주세용,2020-11-15,1,판타지
합격시켜주세용,2020-11-22,1,판타지
합격시켜주세용,2020-11-29,1,판타지
합격시켜주세용,2020-12-06,1,판타지
합격시켜주세용,2020-12-13,1,판타지
합격시켜주세용,2020-12-20,1,판타지
합격시켜주세용,2020-12-27,1,판타지
합격시켜주세용,2021-01-02,1,판타지
합격시켜주세용,2021-01-09,1,판타지
합격시켜주세용,2021-01-17,1,판타지
합격시켜주세용,2021-01-23,1,판타지
합격시켜주세용,2021-01-30,1,판타지
합격시켜주세용,2021-02-06,1,판타지
합격시켜주세용,2021-02-14,1,판타지
합격시켜주세용,2021-02-20,1,판타지
합격시켜주세용,2021-02-27,1,판타지
합격시켜주세용,2021-03-07,1,판타지
합격시켜주세용,2021-03-14,1,판타지
합격시켜주세용,2021-03-22,1,판타지
합격시켜주세용,2021-03-27,1,판타지
합격시켜주세용,2021-04-04,1,판타지
합격시켜주세용,2021-04-10,1,판타지
합격시켜주세용,2021-04-18,1,판타지
합격시켜주세용,2021-04-25,1,판타지
합격시켜주세용,2021-05-02,1,판타지
합격시켜주세용,2021-05-09,1,판타지
합격시켜주세용,2021-08-22,3,판타지
합격시켜주세용,2021-09-05,2,판타지
합격시켜주세용,2021-09-13,1,판타지
합격시켜주세용,2021-09-19,1,판타지
합격시켜주세용,2021-09-26,1,판타지
합격시켜주세용,2021-10-02,1,판타지
합격시켜주세용,2021-10-03,2,판타지
합격시켜주세용,2021-10-09,1,판타지
합격시켜주세용,2021-10-17,1,판타지
합격시켜주세용,2021-10-23,1,판타지
합격시켜주세용,2021-10-31,1,판타지
합격시켜주세용,2021-11-07,1,판타지
합격시켜주세용,2021-11-13,1,판타지
합격시켜주세용,2021-11-20,1,판타지
합격시켜주세용,2021-11-28,1,판타지
합격시켜주세용,2021-12-05,1,판타지
합격시켜주세용,2021-12-12,1,판타지
합격시켜주세용,2021-12-20,1,판타지
합격시켜주세용,2021-12-26,1,판타지
합격시켜주세용,2022-01-02,1,판타지
합격시켜주세용,2022-01-08,1,판타지
합격시켜주세용,2022-01-16,1,판타지
합격시켜주세용,2022-01-22,1,판타지
합격시켜주세용,2022-01-30,1,판타지
합격시켜주세용,2022-02-06,1,판타지
합격시켜주세용,2022-02-15,3,판타지
합격시켜주세용,2022-02-20,1,판타지
합격시켜주세용,2022-02-27,1,판타지
합격시켜주세용,2022-03-06,1,판타지
합격시켜주세용,2022-03-13,1,판타지
합격시켜주세용,2022-03-21,1,판타지
합격시켜주세용,2022-03-27,1,판타지
합격시켜주세용,2022-04-03,1,판타지
합격시켜주세용,2022-04-10,1,판타지
합격시켜주세용,2022-04-17,1,판타지
합격시켜주세용,2022-04-24,1,판타지
합격시켜주세용,2022-05-22,2,판타지
합격시켜주세용,2022-09-14,3,판타지
합격시켜주세용,2022-09-19,1,판타지
합격시켜주세용,2022-09-25,1,판타지
합격시켜주세용,2022-10-02,1,판타지
합격시켜주세용,2022-10-10,1,판타지
합격시켜주세용,2022-10-16,1,판타지
합격시켜주세용,2022-10-30,1,판타지
합격시켜주세용,2022-11-06,1,판타지
합격시켜주세용,2022-11-15,1,판타지
합격시켜주세용,2022-11-19,1,판타지
합격시켜주세용,2022-11-27,1,판타지
합격시켜주세용,2022-12-04,1,판타지
합격시켜주세용,2022-12-11,1,판타지
합격시켜주세용,2022-12-19,1,판타지
합격시켜주세용,2022-12-27,1,판타지
합격시켜주세용,2023-01-01,1,판타지
합격시켜주세용,2023-01-08,1,판타지
합격시켜주세용,2023-01-15,1,판타지
합격시켜주세용,2023-01-22,1,판타지
합격시켜주세용,2023-01-29,1,판타지
합격시켜주세용,2023-02-05,1,판타지
합격시켜주세용,2023-02-12,1,판타지
합격시켜주세용,2023-02-20,1,판타지
합격시켜주세용,2023-02-26,1,판타지
합격시켜주세용,2023-03-11,1,판타지
합격시켜주세용,2023-03-12,1,판타지
합격시켜주세용,2023-03-19,1,판타지
합격시켜주세용,2023-03-27,1,판타지
합격시켜주세용,2023-04-02,1,판타지
합격시켜주세용,2023-04-09,1,판타지
합격시켜주세용,2023-04-16,1,판타지
합격시켜주세용,2023-04-23,1,판타지
합격시켜주세용,2023-04-29,1,판타지
합격시켜주세용,2023-05-07,1,판타지
합격시켜주세용,2023-05-14,1,판타지
합격시켜주세용,2023-05-21,1,판타지
합격시켜주세용,2023-05-29,1,판타지
합격시켜주세용,2023-06-04,1,판타지
합격시켜주세용,2023-06-12,1,판타지
합격시켜주세용,2023-06-18,1,판타지
합격시켜주세용,2023-06-25,1,판타지
합격시켜주세용,2023-07-02,1,판타지
합격시켜주세용,2023-07-09,1,판타지
합격시켜주세용,2023-07-16,1,판타지
합격시켜주세용,2023-07-23,1,판타지
합격시켜주세용,2023-08-06,1,판타지
합격시켜주세용,2023-08-13,1,판타지
합격시켜주세용,2023-08-20,1,판타지
합격시켜주세용,2023-08-27,1,판타지
합격시켜주세용,2023-09-03,1,판타지
합격시켜주세용,2023-09-09,1,판타지
합격시켜주세용,2023-09-17,1,판타지
합격시켜주세용,2023-09-24,1,판타지
합격시켜주세용,2023-10-01,1,판타지
구름이 피워낸 꽃 ...,2020-11-01,1,로맨스
구름이 피워낸 꽃 ...,2020-11-08,1,로맨스
구름이 피워낸 꽃 ...,2020-11-15,1,로맨스
구름이 피워낸 꽃 ...,2020-11-22,1,로맨스
구름이 피워낸 꽃 ...,2020-11-29,1,로맨스
구름이 피워낸 꽃 ...,2020-12-06,1,로맨스
구름이 피워낸 꽃 ...,2020-12-13,1,로맨스
구름이 피워낸 꽃 ...,2020-12-20,1,로맨스
구름이 피워낸 꽃 ...,2020-12-27,1,로맨스
구름이 피워낸 꽃 ...,2021-01-02,1,로맨스
구름이 피워낸 꽃 ...,2021-01-09,1,로맨스
구름이 피워낸 꽃 ...,2021-01-17,1,로맨스
구름이 피워낸 꽃 ...,2021-01-23,1,로맨스
구름이 피워낸 꽃 ...,2021-01-30,1,로맨스
구름이 피워낸 꽃 ...,2021-02-06,1,로맨스
구름이 피워낸 꽃 ...,2021-02-14,1,로맨스
구름이 피워낸 꽃 ...,2021-02-20,1,로맨스
구름이 피워낸 꽃 ...,2021-02-27,1,로맨스
구름이 피워낸 꽃 ...,2021-03-07,1,로맨스
구름이 피워낸 꽃 ...,2021-03-14,1,로맨스
구름이 피워낸 꽃 ...,2021-03-22,1,로맨스
구름이 피워낸 꽃 ...,2021-03-28,1,로맨스
구름이 피워낸 꽃 ...,2021-04-04,1,로맨스
구름이 피워낸 꽃 ...,2021-04-10,1,로맨스
구름이 피워낸 꽃 ...,2021-04-18,1,로맨스
구름이 피워낸 꽃 ...,2021-05-02,2,로맨스
구름이 피워낸 꽃 ...,2021-06-20,1,로맨스
꿈의 기업,2020-11-02,1,"스릴러, 연도별웹툰"
꿈의 기업,2020-11-08,1,"스릴러, 연도별웹툰"
꿈의 기업,2020-11-16,1,"스릴러, 연도별웹툰"
꿈의 기업,2020-11-23,1,"스릴러, 연도별웹툰"
꿈의 기업,2020-11-30,1,"스릴러, 연도별웹툰"
꿈의 기업,2020-12-07,1,"스릴러, 연도별웹툰"
꿈의 기업,2020-12-14,1,"스릴러, 연도별웹툰"
꿈의 기업,2020-12-20,1,"스릴러, 연도별웹툰"
꿈의 기업,2020-12-28,1,"스릴러, 연도별웹툰"
꿈의 기업,2021-01-03,1,"스릴러, 연도별웹툰"
꿈의 기업,2021-01-11,1,"스릴러, 연도별웹툰"
꿈의 기업,2021-01-17,1,"스릴러, 연도별웹툰"
꿈의 기업,2021-01-24,1,"스릴러, 연도별웹툰"
꿈의 기업,2021-02-01,1,"스릴러, 연도별웹툰"
꿈의 기업,2021-02-07,1,"스릴러, 연도별웹툰"
꿈의 기업,2021-02-15,1,"스릴러, 연도별웹툰"
꿈의 기업,2021-02-22,1,"스릴러, 연도별웹툰"
꿈의 기업,2021-03-01,1,"스릴러, 연도별웹툰"
꿈의 기업,2021-03-08,1,"스릴러, 연도별웹툰"
꿈의 기업,2021-03-22,1,"스릴러, 연도별웹툰"
꿈의 기업,2021-03-29,1,"스릴러, 연도별웹툰"
꿈의 기업,2021-04-05,1,"스릴러, 연도별웹툰"
꿈의 기업,2021-04-12,1,"스릴러, 연도별웹툰"
꿈의 기업,2021-04-18,1,"스릴러, 연도별웹툰"
꿈의 기업,2021-04-25,1,"스릴러, 연도별웹툰"
꿈의 기업,2021-05-03,1,"스릴러, 연도별웹툰"
꿈의 기업,2021-05-10,1,"스릴러, 연도별웹툰"
꿈의 기업,2021-05-17,1,"스릴러, 연도별웹툰"
꿈의 기업,2021-05-23,1,"스릴러, 연도별웹툰"
꿈의 기업,2021-05-31,1,"스릴러, 연도별웹툰"
꿈의 기업,2021-06-07,1,"스릴러, 연도별웹툰"
꿈의 기업,2021-06-16,1,"스릴러, 연도별웹툰"
꿈의 기업,2021-06-21,1,"스릴러, 연도별웹툰"
꿈의 기업,2021-06-28,1,"스릴러, 연도별웹툰"
꿈의 기업,2021-07-05,1,"스릴러, 연도별웹툰"
꿈의 기업,2021-07-15,1,"스릴러, 연도별웹툰"
꿈의 기업,2021-07-20,1,"스릴러, 연도별웹툰"
꿈의 기업,2021-07-26,1,"스릴러, 연도별웹툰"
꿈의 기업,2021-08-02,1,"스릴러, 연도별웹툰"
꿈의 기업,2021-08-12,1,"스릴러, 연도별웹툰"
꿈의 기업,2021-08-16,1,"스릴러, 연도별웹툰"
꿈의 기업,2021-08-23,1,"스릴러, 연도별웹툰"
꿈의 기업,2021-08-30,1,"스릴러, 연도별웹툰"
꿈의 기업,2021-09-06,1,"스릴러, 연도별웹툰"
꿈의 기업,2021-09-13,1,"스릴러, 연도별웹툰"
꿈의 기업,2021-09-20,1,"스릴러, 연도별웹툰"
꿈의 기업,2021-09-26,1,"스릴러, 연도별웹툰"
꿈의 기업,2021-10-04,1,"스릴러, 연도별웹툰"
꿈의 기업,2021-10-11,1,"스릴러, 연도별웹툰"
꿈의 기업,2021-10-18,1,"스릴러, 연도별웹툰"
꿈의 기업,2021-10-25,1,"스릴러, 연도별웹툰"
꿈의 기업,2021-11-01,1,"스릴러, 연도별웹툰"
꿈의 기업,2021-11-28,2,"스릴러, 연도별웹툰"
꿈의 기업,2021-12-06,1,"스릴러, 연도별웹툰"
꿈의 기업,2021-12-13,1,"스릴러, 연도별웹툰"
꿈의 기업,2021-12-20,1,"스릴러, 연도별웹툰"
꿈의 기업,2021-12-27,1,"스릴러, 연도별웹툰"
꿈의 기업,2022-01-03,1,"스릴러, 연도별웹툰"
꿈의 기업,2022-01-09,1,"스릴러, 연도별웹툰"
꿈의 기업,2022-01-18,1,"스릴러, 연도별웹툰"
꿈의 기업,2022-01-23,1,"스릴러, 연도별웹툰"
꿈의 기업,2022-01-30,1,"스릴러, 연도별웹툰"
꿈의 기업,2022-02-07,1,"스릴러, 연도별웹툰"
꿈의 기업,2022-02-15,1,"스릴러, 연도별웹툰"
꿈의 기업,2022-02-28,2,"스릴러, 연도별웹툰"
꿈의 기업,2022-03-07,1,"스릴러, 연도별웹툰"
꿈의 기업,2022-03-13,1,"스릴러, 연도별웹툰"
꿈의 기업,2022-03-21,1,"스릴러, 연도별웹툰"
꿈의 기업,2022-03-28,1,"스릴러, 연도별웹툰"
꿈의 기업,2022-04-04,1,"스릴러, 연도별웹툰"
꿈의 기업,2022-04-11,1,"스릴러, 연도별웹툰"
꿈의 기업,2022-04-18,1,"스릴러, 연도별웹툰"
꿈의 기업,2022-04-25,1,"스릴러, 연도별웹툰"
꿈의 기업,2022-05-19,2,"스릴러, 연도별웹툰"
꿈의 기업,2022-05-22,1,"스릴러, 연도별웹툰"
꿈의 기업,2022-05-30,1,"스릴러, 연도별웹툰"
꿈의 기업,2022-08-01,2,"스릴러, 연도별웹툰"
꿈의 기업,2022-08-07,1,"스릴러, 연도별웹툰"
꿈의 기업,2022-08-15,1,"스릴러, 연도별웹툰"
꿈의 기업,2022-08-22,1,"스릴러, 연도별웹툰"
꿈의 기업,2022-08-29,1,"스릴러, 연도별웹툰"
꿈의 기업,2022-09-05,1,"스릴러, 연도별웹툰"
꿈의 기업,2022-09-12,1,"스릴러, 연도별웹툰"
꿈의 기업,2022-09-19,1,"스릴러, 연도별웹툰"
꿈의 기업,2022-09-26,1,"스릴러, 연도별웹툰"
꿈의 기업,2022-10-03,1,"스릴러, 연도별웹툰"
꿈의 기업,2022-10-10,1,"스릴러, 연도별웹툰"
꿈의 기업,2022-10-17,1,"스릴러, 연도별웹툰"
꿈의 기업,2022-10-24,1,"스릴러, 연도별웹툰"
꿈의 기업,2022-10-31,1,"스릴러, 연도별웹툰"
꿈의 기업,2022-11-07,1,"스릴러, 연도별웹툰"
꿈의 기업,2022-11-15,1,"스릴러, 연도별웹툰"
꿈의 기업,2022-11-21,1,"스릴러, 연도별웹툰"
꿈의 기업,2022-11-28,1,"스릴러, 연도별웹툰"
꿈의 기업,2022-12-13,1,"스릴러, 연도별웹툰"
꿈의 기업,2022-12-19,1,"스릴러, 연도별웹툰"
꿈의 기업,2022-12-27,1,"스릴러, 연도별웹툰"
꿈의 기업,2023-01-02,1,"스릴러, 연도별웹툰"
꿈의 기업,2023-01-09,1,"스릴러, 연도별웹툰"
꿈의 기업,2023-01-16,1,"스릴러, 연도별웹툰"
꿈의 기업,2023-01-23,1,"스릴러, 연도별웹툰"
꿈의 기업,2023-01-30,1,"스릴러, 연도별웹툰"
꿈의 기업,2023-02-06,1,"스릴러, 연도별웹툰"
꿈의 기업,2023-02-14,1,"스릴러, 연도별웹툰"
꿈의 기업,2023-02-20,1,"스릴러, 연도별웹툰"
꿈의 기업,2023-02-27,1,"스릴러, 연도별웹툰"
꿈의 기업,2023-04-17,2,"스릴러, 연도별웹툰"
꿈의 기업,2023-04-24,1,"스릴러, 연도별웹툰"
꿈의 기업,2023-05-01,1,"스릴러, 연도별웹툰"
꿈의 기업,2023-05-08,1,"스릴러, 연도별웹툰"
꿈의 기업,2023-05-14,1,"스릴러, 연도별웹툰"
꿈의 기업,2023-05-22,1,"스릴러, 연도별웹툰"
꿈의 기업,2023-05-29,1,"스릴러, 연도별웹툰"
꿈의 기업,2023-06-05,1,"스릴러, 연도별웹툰"
꿈의 기업,2023-06-12,1,"스릴러, 연도별웹툰"
꿈의 기업,2023-06-26,1,"스릴러, 연도별웹툰"
꿈의 기업,2023-07-03,1,"스릴러, 연도별웹툰"
꿈의 기업,2023-07-10,1,"스릴러, 연도별웹툰"
꿈의 기업,2023-07-17,1,"스릴러, 연도별웹툰"
꿈의 기업,2023-07-23,1,"스릴러, 연도별웹툰"
꿈의 기업,2023-07-31,1,"스릴러, 연도별웹툰"
꿈의 기업,2023-08-07,1,"스릴러, 연도별웹툰"
꿈의 기업,2023-08-14,1,"스릴러, 연도별웹툰"
꿈의 기업,2023-08-21,1,"스릴러, 연도별웹툰"
꿈의 기업,2023-08-28,1,"스릴러, 연도별웹툰"
꿈의 기업,2023-10-02,2,"스릴러, 연도별웹툰"
꿈의 기업,2023-10-11,1,"스릴러, 연도별웹툰"
꿈의 기업,2023-10-21,1,"스릴러, 연도별웹툰"
꿈의 기업,2023-10-23,1,"스릴러, 연도별웹툰"
꿈의 기업,2023-10-30,1,"스릴러, 연도별웹툰"
꿈의 기업,2023-11-06,1,"스릴러, 연도별웹툰"
꿈의 기업,2023-11-13,1,"스릴러, 연도별웹툰"
꿈의 기업,2023-11-26,1,"스릴러, 연도별웹툰"
꿈의 기업,2024-01-15,2,"스릴러, 연도별웹툰"
꿈의 기업,2024-02-05,1,"스릴러, 연도별웹툰"
꿈의 기업,2024-02-06,1,"스릴러, 연도별웹툰"
꿈의 기업,2024-02-12,1,"스릴러, 연도별웹툰"
꿈의 기업,2024-02-19,1,"스릴러, 연도별웹툰"
꿈의 기업,2024-03-17,2,"스릴러, 연도별웹툰"
꿈의 기업,2024-03-27,1,"스릴러, 연도별웹툰"
꿈의 기업,2024-04-01,1,"스릴러, 연도별웹툰"
꿈의 기업,2024-04-09,1,"스릴러, 연도별웹툰"
꿈의 기업,2024-04-19,1,"스릴러, 연도별웹툰"
꿈의 기업,2024-04-23,1,"스릴러, 연도별웹툰"
꿈의 기업,2024-04-29,1,"스릴러, 연도별웹툰"
꿈의 기업,2024-05-06,1,"스릴러, 연도별웹툰"
꿈의 기업,2024-05-27,2,"스릴러, 연도별웹툰"
꿈의 기업,2024-06-30,2,"스릴러, 연도별웹툰"
꿈의 기업,2024-08-12,2,"스릴러, 연도별웹툰"
꿈의 기업,2024-09-02,1,"스릴러, 연도별웹툰"
꿈의 기업,2024-09-23,2,"스릴러, 연도별웹툰"
꿈의 기업,2024-09-29,1,"스릴러, 연도별웹툰"
꿈의 기업,2024-10-07,1,"스릴러, 연도별웹툰"
꿈의 기업,2024-10-14,1,"스릴러, 연도별웹툰"
꿈의 기업,2024-10-21,1,"스릴러, 연도별웹툰"
꿈의 기업,2024-10-28,1,"스릴러, 연도별웹툰"
꿈의 기업,2024-11-04,1,"스릴러, 연도별웹툰"
귀곡의 문,2020-11-03,1,드라마
귀곡의 문,2020-11-18,2,드라마
귀곡의 문,2020-11-24,1,드라마
귀곡의 문,2020-12-01,1,드라마
귀곡의 문,2020-12-09,1,드라마
귀곡의 문,2020-12-15,1,드라마
귀곡의 문,2020-12-23,1,드라마
귀곡의 문,2020-12-30,1,드라마
귀곡의 문,2021-01-05,1,드라마
귀곡의 문,2021-01-12,1,드라마
귀곡의 문,2021-01-22,1,드라마
귀곡의 문,2021-01-27,1,드라마
귀곡의 문,2021-02-03,1,드라마
귀곡의 문,2021-02-10,1,드라마
귀곡의 문,2021-02-17,1,드라마
귀곡의 문,2021-02-23,1,드라마
귀곡의 문,2021-03-02,1,드라마
귀곡의 문,2021-03-10,1,드라마
귀곡의 문,2021-03-17,1,드라마
귀곡의 문,2021-03-24,1,드라마
귀곡의 문,2021-03-30,1,드라마
귀곡의 문,2021-04-07,1,드라마
귀곡의 문,2021-04-14,1,드라마
귀곡의 문,2021-04-21,1,드라마
귀곡의 문,2021-04-28,1,드라마
귀곡의 문,2021-05-05,1,드라마
귀곡의 문,2021-05-12,1,드라마
귀곡의 문,2021-05-19,1,드라마
귀곡의 문,2021-05-26,1,드라마
귀곡의 문,2021-06-02,1,드라마
귀곡의 문,2021-06-09,1,드라마
귀곡의 문,2021-06-16,1,드라마
귀곡의 문,2021-06-23,1,드라마
귀곡의 문,2021-06-30,1,드라마
귀곡의 문,2021-07-07,1,드라마
귀곡의 문,2021-07-15,1,드라마
귀곡의 문,2021-07-20,1,드라마
귀곡의 문,2021-07-27,1,드라마
귀곡의 문,2021-08-04,1,드라마
귀곡의 문,2021-08-11,1,드라마
귀곡의 문,2021-08-18,1,드라마
귀곡의 문,2021-08-25,1,드라마
귀곡의 문,2021-09-01,1,드라마
귀곡의 문,2021-09-10,1,드라마
귀곡의 문,2021-09-15,1,드라마
귀곡의 문,2021-09-22,1,드라마
귀곡의 문,2021-09-29,1,드라마
귀곡의 문,2021-10-13,2,드라마
귀곡의 문,2021-10-16,3,드라마
귀곡의 문,2021-10-20,1,드라마
귀곡의 문,2021-10-27,1,드라마
귀곡의 문,2021-11-03,1,드라마
귀곡의 문,2021-11-10,1,드라마
귀곡의 문,2021-11-18,1,드라마
귀곡의 문,2021-11-24,1,드라마
귀곡의 문,2021-12-01,1,드라마
귀곡의 문,2021-12-08,1,드라마
귀곡의 문,2021-12-14,1,드라마
귀곡의 문,2021-12-22,1,드라마
귀곡의 문,2021-12-29,1,드라마
귀곡의 문,2022-01-05,1,드라마
귀곡의 문,2022-01-06,2,드라마
귀곡의 문,2022-01-12,1,드라마
귀곡의 문,2022-01-19,1,드라마
귀곡의 문,2022-01-26,1,드라마
귀곡의 문,2022-02-03,1,드라마
귀곡의 문,2022-02-09,1,드라마
귀곡의 문,2022-02-17,1,드라마
귀곡의 문,2022-02-23,1,드라마
귀곡의 문,2022-03-04,1,드라마
귀곡의 문,2022-03-09,1,드라마
귀곡의 문,2022-03-16,1,드라마
귀곡의 문,2022-03-23,1,드라마
귀곡의 문,2022-03-30,1,드라마
귀곡의 문,2022-04-06,1,드라마
귀곡의 문,2022-04-12,1,드라마
귀곡의 문,2022-04-15,2,드라마
귀곡의 문,2022-04-20,1,드라마
귀곡의 문,2022-04-27,1,드라마
귀곡의 문,2022-05-04,1,드라마
귀곡의 문,2023-01-10,1,드라마
이번 생도 잘 부탁...,2020-11-08,3,로맨스
이번 생도 잘 부탁...,2021-05-09,3,로맨스
이번 생도 잘 부탁...,2021-05-16,1,로맨스
이번 생도 잘 부탁...,2021-05-23,1,로맨스
이번 생도 잘 부탁...,2021-05-30,1,로맨스
이번 생도 잘 부탁...,2021-06-05,1,로맨스
이번 생도 잘 부탁...,2021-06-18,1,로맨스
이번 생도 잘 부탁...,2021-06-20,1,로맨스
이번 생도 잘 부탁...,2021-06-27,1,로맨스
이번 생도 잘 부탁...,2021-07-11,3,로맨스
이번 생도 잘 부탁...,2021-07-18,1,로맨스
이번 생도 잘 부탁...,2021-07-24,1,로맨스
이번 생도 잘 부탁...,2021-08-01,1,로맨스
이번 생도 잘 부탁...,2021-08-15,1,로맨스
이번 생도 잘 부탁...,2021-08-22,2,로맨스
이번 생도 잘 부탁...,2021-09-05,2,로맨스
이번 생도 잘 부탁...,2021-09-19,2,로맨스
이번 생도 잘 부탁...,2021-09-26,1,로맨스
이번 생도 잘 부탁...,2021-10-02,1,로맨스
이번 생도 잘 부탁...,2021-10-09,1,로맨스
이번 생도 잘 부탁...,2021-10-17,1,로맨스
이번 생도 잘 부탁...,2021-10-23,1,로맨스
이번 생도 잘 부탁...,2021-10-31,1,로맨스
이번 생도 잘 부탁...,2021-11-07,1,로맨스
이번 생도 잘 부탁...,2021-11-13,1,로맨스
이번 생도 잘 부탁...,2021-11-20,1,로맨스
이번 생도 잘 부탁...,2021-11-28,1,로맨스
이번 생도 잘 부탁...,2022-02-06,4,로맨스
이번 생도 잘 부탁...,2022-02-15,1,로맨스
이번 생도 잘 부탁...,2022-02-20,1,로맨스
이번 생도 잘 부탁...,2022-02-27,1,로맨스
이번 생도 잘 부탁...,2022-03-09,1,로맨스
이번 생도 잘 부탁...,2022-03-13,1,로맨스
이번 생도 잘 부탁...,2022-03-21,1,로맨스
이번 생도 잘 부탁...,2022-03-27,1,로맨스
이번 생도 잘 부탁...,2022-04-03,1,로맨스
이번 생도 잘 부탁...,2022-04-10,1,로맨스
이번 생도 잘 부탁...,2022-04-17,1,로맨스
이번 생도 잘 부탁...,2022-04-23,1,로맨스
이번 생도 잘 부탁...,2022-05-20,3,로맨스
이번 생도 잘 부탁...,2022-05-22,1,로맨스
이번 생도 잘 부탁...,2022-05-29,1,로맨스
이번 생도 잘 부탁...,2022-07-24,4,로맨스
이번 생도 잘 부탁...,2022-07-31,1,로맨스
이번 생도 잘 부탁...,2022-09-04,3,로맨스
이번 생도 잘 부탁...,2022-09-05,1,로맨스
이번 생도 잘 부탁...,2022-10-16,1,로맨스
마법스크롤 상인 지...,2020-11-08,4,"판타지, 연도별웹툰"
마법스크롤 상인 지...,2020-11-15,1,"판타지, 연도별웹툰"
마법스크롤 상인 지...,2022-03-27,5,"판타지, 연도별웹툰"
마법스크롤 상인 지...,2022-04-03,1,"판타지, 연도별웹툰"
마법스크롤 상인 지...,2022-04-11,1,"판타지, 연도별웹툰"
마법스크롤 상인 지...,2022-04-17,1,"판타지, 연도별웹툰"
마법스크롤 상인 지...,2022-04-24,1,"판타지, 연도별웹툰"
마법스크롤 상인 지...,2022-06-12,5,"판타지, 연도별웹툰"
마법스크롤 상인 지...,2022-10-02,4,"판타지, 연도별웹툰"
마법스크롤 상인 지...,2022-10-10,1,"판타지, 연도별웹툰"
마법스크롤 상인 지...,2023-02-20,1,"판타지, 연도별웹툰"
마법스크롤 상인 지...,2024-01-29,4,"판타지, 연도별웹툰"
마법스크롤 상인 지...,2024-02-04,1,"판타지, 연도별웹툰"
마법스크롤 상인 지...,2024-02-12,1,"판타지, 연도별웹툰"
마법스크롤 상인 지...,2024-02-18,1,"판타지, 연도별웹툰"
마법스크롤 상인 지...,2024-03-15,3,"판타지, 연도별웹툰"
숲속의 담,2020-11-10,2,판타지
숲속의 담,2020-11-17,1,판타지
숲속의 담,2020-11-24,1,판타지
숲속의 담,2020-11-30,1,판타지
숲속의 담,2020-12-08,1,판타지
숲속의 담,2020-12-15,1,판타지
숲속의 담,2020-12-22,1,판타지
숲속의 담,2021-01-04,2,판타지
숲속의 담,2021-01-11,1,판타지
숲속의 담,2021-01-19,1,판타지
숲속의 담,2021-01-26,1,판타지
숲속의 담,2021-02-02,1,판타지
숲속의 담,2021-02-08,1,판타지
숲속의 담,2021-02-16,1,판타지
숲속의 담,2021-02-23,1,판타지
숲속의 담,2021-03-01,1,판타지
숲속의 담,2021-03-09,1,판타지
숲속의 담,2021-03-16,1,판타지
숲속의 담,2021-03-23,1,판타지
숲속의 담,2021-03-29,1,판타지
숲속의 담,2021-04-06,1,판타지
숲속의 담,2021-04-13,1,판타지
숲속의 담,2021-04-19,1,판타지
숲속의 담,2021-04-27,1,판타지
숲속의 담,2021-05-04,1,판타지
숲속의 담,2021-05-10,1,판타지
숲속의 담,2021-05-18,2,판타지
숲속의 담,2021-05-25,1,판타지
숲속의 담,2021-06-01,1,판타지
숲속의 담,2021-06-08,1,판타지
숲속의 담,2021-06-16,1,판타지
숲속의 담,2021-06-23,1,판타지
숲속의 담,2021-06-28,1,판타지
숲속의 담,2021-07-05,1,판타지
숲속의 담,2021-07-15,1,판타지
숲속의 담,2021-07-27,2,판타지
숲속의 담,2021-08-04,1,판타지
숲속의 담,2021-08-10,1,판타지
숲속의 담,2021-08-17,1,판타지
숲속의 담,2021-08-24,1,판타지
숲속의 담,2021-09-07,2,판타지
숲속의 담,2021-09-14,1,판타지
숲속의 담,2021-09-21,1,판타지
숲속의 담,2021-09-28,1,판타지
숲속의 담,2021-10-05,1,판타지
숲속의 담,2021-10-12,1,판타지
숲속의 담,2021-10-18,1,판타지
숲속의 담,2021-12-20,4,판타지
숲속의 담,2021-12-28,1,판타지
숲속의 담,2022-01-03,1,판타지
숲속의 담,2022-01-11,1,판타지
숲속의 담,2022-01-17,1,판타지
숲속의 담,2022-01-25,1,판타지
숲속의 담,2022-02-01,1,판타지
숲속의 담,2022-02-08,1,판타지
숲속의 담,2022-02-15,1,판타지
숲속의 담,2022-02-23,1,판타지
숲속의 담,2022-03-04,1,판타지
숲속의 담,2022-03-08,1,판타지
숲속의 담,2022-03-16,1,판타지
숲속의 담,2022-03-21,1,판타지
숲속의 담,2022-03-30,1,판타지
숲속의 담,2022-04-05,1,판타지
숲속의 담,2022-04-11,1,판타지
숲속의 담,2022-04-19,1,판타지
숲속의 담,2022-04-26,1,판타지
숲속의 담,2022-05-19,3,판타지
숲속의 담,2022-05-23,1,판타지
숲속의 담,2022-06-12,2,판타지
숲속의 담,2022-06-14,1,판타지
숲속의 담,2022-06-23,1,판타지
숲속의 담,2024-06-04,113,판타지
숲속의 담,2024-06-05,8,판타지
오늘의 순정망화,2020-11-10,1,개그
오늘의 순정망화,2020-12-07,2,개그
오늘의 순정망화,2020-12-15,2,개그
오늘의 순정망화,2020-12-31,4,개그
오늘의 순정망화,2021-02-23,3,개그
오늘의 순정망화,2021-03-25,2,개그
오늘의 순정망화,2021-03-29,1,개그
오늘의 순정망화,2021-04-15,1,개그
오늘의 순정망화,2021-05-06,1,개그
전자오락수호대,2020-11-12,2,판타지
전자오락수호대,2020-11-19,1,판타지
전자오락수호대,2020-11-26,1,판타지
전자오락수호대,2020-12-10,2,판타지
전자오락수호대,2020-12-17,1,판타지
전자오락수호대,2020-12-23,1,판타지
전자오락수호대,2020-12-31,1,판타지
전자오락수호대,2021-01-14,2,판타지
전자오락수호대,2021-01-21,1,판타지
전자오락수호대,2021-01-28,1,판타지
전자오락수호대,2021-02-03,1,판타지
전자오락수호대,2021-02-11,1,판타지
전자오락수호대,2021-02-18,1,판타지
전자오락수호대,2021-02-24,1,판타지
전자오락수호대,2021-03-04,1,판타지
전자오락수호대,2021-03-10,1,판타지
전자오락수호대,2021-03-18,1,판타지
전자오락수호대,2021-03-24,1,판타지
전자오락수호대,2021-03-31,1,판타지
전자오락수호대,2021-04-15,1,판타지
전자오락수호대,2021-04-21,1,판타지
전자오락수호대,2021-04-28,1,판타지
헬퍼,2020-11-17,2,액션
헬퍼,2020-11-23,28,액션
헬퍼,2020-11-25,2,액션
헬퍼,2020-12-15,8,액션
헬퍼,2021-01-01,5,액션
헬퍼,2021-01-12,25,액션
헬퍼,2021-01-17,4,액션
헬퍼,2021-01-20,3,액션
헬퍼,2021-01-23,13,액션
킬더킹,2020-11-19,3,"드라마, 연도별웹툰"
킬더킹,2020-12-03,1,"드라마, 연도별웹툰"
킬더킹,2020-12-10,1,"드라마, 연도별웹툰"
킬더킹,2020-12-17,1,"드라마, 연도별웹툰"
킬더킹,2020-12-23,1,"드라마, 연도별웹툰"
킬더킹,2020-12-31,1,"드라마, 연도별웹툰"
킬더킹,2022-01-06,5,"드라마, 연도별웹툰"
킬더킹,2022-01-14,1,"드라마, 연도별웹툰"
킬더킹,2022-01-20,1,"드라마, 연도별웹툰"
킬더킹,2022-01-27,1,"드라마, 연도별웹툰"
킬더킹,2022-02-03,1,"드라마, 연도별웹툰"
킬더킹,2022-02-09,1,"드라마, 연도별웹툰"
킬더킹,2022-02-19,1,"드라마, 연도별웹툰"
킬더킹,2022-02-25,1,"드라마, 연도별웹툰"
킬더킹,2022-03-04,1,"드라마, 연도별웹툰"
킬더킹,2022-03-10,1,"드라마, 연도별웹툰"
킬더킹,2022-03-16,1,"드라마, 연도별웹툰"
킬더킹,2022-03-24,1,"드라마, 연도별웹툰"
킬더킹,2022-03-31,1,"드라마, 연도별웹툰"
킬더킹,2022-04-07,1,"드라마, 연도별웹툰"
킬더킹,2022-04-09,4,"드라마, 연도별웹툰"
킬더킹,2022-04-14,1,"드라마, 연도별웹툰"
킬더킹,2022-04-21,1,"드라마, 연도별웹툰"
킬더킹,2022-04-27,1,"드라마, 연도별웹툰"
킬더킹,2022-05-07,1,"드라마, 연도별웹툰"
킬더킹,2022-05-19,2,"드라마, 연도별웹툰"
킬더킹,2022-05-26,1,"드라마, 연도별웹툰"
킬더킹,2022-06-12,2,"드라마, 연도별웹툰"
킬더킹,2022-06-16,1,"드라마, 연도별웹툰"
킬더킹,2022-06-23,1,"드라마, 연도별웹툰"
킬더킹,2022-06-30,1,"드라마, 연도별웹툰"
킬더킹,2022-07-06,1,"드라마, 연도별웹툰"
킬더킹,2022-07-14,1,"드라마, 연도별웹툰"
킬더킹,2022-07-21,1,"드라마, 연도별웹툰"
킬더킹,2022-07-29,1,"드라마, 연도별웹툰"
킬더킹,2022-08-04,1,"드라마, 연도별웹툰"
킬더킹,2022-08-11,1,"드라마, 연도별웹툰"
킬더킹,2022-08-18,1,"드라마, 연도별웹툰"
킬더킹,2022-08-25,1,"드라마, 연도별웹툰"
킬더킹,2022-09-01,1,"드라마, 연도별웹툰"
킬더킹,2022-09-12,1,"드라마, 연도별웹툰"
킬더킹,2022-09-15,1,"드라마, 연도별웹툰"
킬더킹,2022-09-23,1,"드라마, 연도별웹툰"
킬더킹,2022-09-30,1,"드라마, 연도별웹툰"
킬더킹,2022-10-07,1,"드라마, 연도별웹툰"
킬더킹,2022-10-17,1,"드라마, 연도별웹툰"
킬더킹,2022-10-23,1,"드라마, 연도별웹툰"
킬더킹,2022-10-30,1,"드라마, 연도별웹툰"
킬더킹,2022-11-05,1,"드라마, 연도별웹툰"
킬더킹,2022-11-15,1,"드라마, 연도별웹툰"
킬더킹,2022-11-18,1,"드라마, 연도별웹툰"
킬더킹,2022-11-24,1,"드라마, 연도별웹툰"
킬더킹,2022-12-02,1,"드라마, 연도별웹툰"
킬더킹,2022-12-08,1,"드라마, 연도별웹툰"
킬더킹,2022-12-16,1,"드라마, 연도별웹툰"
킬더킹,2022-12-23,1,"드라마, 연도별웹툰"
킬더킹,2022-12-31,1,"드라마, 연도별웹툰"
킬더킹,2023-01-06,1,"드라마, 연도별웹툰"
킬더킹,2023-01-12,1,"드라마, 연도별웹툰"
킬더킹,2023-01-19,1,"드라마, 연도별웹툰"
킬더킹,2023-01-26,1,"드라마, 연도별웹툰"
킬더킹,2023-02-02,1,"드라마, 연도별웹툰"
킬더킹,2023-02-10,1,"드라마, 연도별웹툰"
킬더킹,2023-02-17,1,"드라마, 연도별웹툰"
킬더킹,2023-02-24,1,"드라마, 연도별웹툰"
킬더킹,2023-03-02,1,"드라마, 연도별웹툰"
킬더킹,2023-03-15,1,"드라마, 연도별웹툰"
킬더킹,2023-03-16,1,"드라마, 연도별웹툰"
킬더킹,2023-03-25,1,"드라마, 연도별웹툰"
킬더킹,2023-03-31,1,"드라마, 연도별웹툰"
킬더킹,2023-04-06,1,"드라마, 연도별웹툰"
킬더킹,2023-04-13,1,"드라마, 연도별웹툰"
킬더킹,2023-04-21,1,"드라마, 연도별웹툰"
킬더킹,2023-04-27,1,"드라마, 연도별웹툰"
킬더킹,2023-05-04,1,"드라마, 연도별웹툰"
킬더킹,2023-05-14,1,"드라마, 연도별웹툰"
킬더킹,2023-05-21,1,"드라마, 연도별웹툰"
킬더킹,2023-05-29,1,"드라마, 연도별웹툰"
킬더킹,2023-06-02,1,"드라마, 연도별웹툰"
킬더킹,2023-06-08,1,"드라마, 연도별웹툰"
킬더킹,2023-06-17,1,"드라마, 연도별웹툰"
킬더킹,2023-06-23,1,"드라마, 연도별웹툰"
킬더킹,2023-06-30,1,"드라마, 연도별웹툰"
킬더킹,2023-07-07,1,"드라마, 연도별웹툰"
킬더킹,2023-07-13,1,"드라마, 연도별웹툰"
킬더킹,2023-07-20,1,"드라마, 연도별웹툰"
킬더킹,2023-07-26,1,"드라마, 연도별웹툰"
킬더킹,2023-08-03,1,"드라마, 연도별웹툰"
킬더킹,2023-08-11,1,"드라마, 연도별웹툰"
킬더킹,2023-08-17,1,"드라마, 연도별웹툰"
킬더킹,2023-08-24,1,"드라마, 연도별웹툰"
킬더킹,2023-08-31,1,"드라마, 연도별웹툰"
킬더킹,2023-09-08,1,"드라마, 연도별웹툰"
킬더킹,2023-09-14,1,"드라마, 연도별웹툰"
킬더킹,2023-09-22,1,"드라마, 연도별웹툰"
킬더킹,2023-09-29,1,"드라마, 연도별웹툰"
킬더킹,2023-10-06,1,"드라마, 연도별웹툰"
킬더킹,2023-10-12,1,"드라마, 연도별웹툰"
킬더킹,2023-10-19,1,"드라마, 연도별웹툰"
킬더킹,2023-10-26,1,"드라마, 연도별웹툰"
킬더킹,2023-11-02,1,"드라마, 연도별웹툰"
킬더킹,2023-11-10,1,"드라마, 연도별웹툰"
킬더킹,2023-11-16,1,"드라마, 연도별웹툰"
킬더킹,2023-11-23,1,"드라마, 연도별웹툰"
킬더킹,2023-11-30,1,"드라마, 연도별웹툰"
킬더킹,2023-12-08,1,"드라마, 연도별웹툰"
킬더킹,2023-12-16,1,"드라마, 연도별웹툰"
킬더킹,2023-12-21,1,"드라마, 연도별웹툰"
킬더킹,2023-12-28,1,"드라마, 연도별웹툰"
킬더킹,2024-01-13,1,"드라마, 연도별웹툰"
킬더킹,2024-01-26,1,"드라마, 연도별웹툰"
킬더킹,2024-02-10,1,"드라마, 연도별웹툰"
숲 속의 미마,2020-11-26,3,판타지
숲 속의 미마,2020-12-13,13,판타지
숲 속의 미마,2020-12-16,62,판타지
냐한남자,2020-12-04,3,로맨스
냐한남자,2020-12-11,1,로맨스
냐한남자,2020-12-18,1,로맨스
냐한남자,2020-12-25,1,로맨스
냐한남자,2021-01-01,1,로맨스
냐한남자,2021-01-08,1,로맨스
냐한남자,2021-01-15,1,로맨스
냐한남자,2021-01-22,1,로맨스
냐한남자,2021-01-29,1,로맨스
냐한남자,2021-02-05,1,로맨스
냐한남자,2021-02-11,1,로맨스
독립일기,2020-12-14,3,일상
환상적인 소년,2020-12-16,5,판타지
환상적인 소년,2020-12-18,37,판타지
롤랑롤랑,2020-12-17,3,판타지
롤랑롤랑,2020-12-23,1,판타지
롤랑롤랑,2020-12-31,1,판타지
롤랑롤랑,2021-01-14,1,판타지
롤랑롤랑,2021-01-21,2,판타지
롤랑롤랑,2021-01-28,1,판타지
롤랑롤랑,2021-02-03,1,판타지
롤랑롤랑,2021-02-11,1,판타지
롤랑롤랑,2021-02-18,1,판타지
롤랑롤랑,2021-02-24,1,판타지
롤랑롤랑,2021-03-04,1,판타지
롤랑롤랑,2021-03-10,1,판타지
롤랑롤랑,2021-03-18,1,판타지
롤랑롤랑,2021-03-24,1,판타지
롤랑롤랑,2021-04-29,3,판타지
롤랑롤랑,2021-05-06,1,판타지
롤랑롤랑,2021-05-12,1,판타지
롤랑롤랑,2021-05-20,1,판타지
롤랑롤랑,2021-05-27,1,판타지
롤랑롤랑,2021-06-03,1,판타지
롤랑롤랑,2021-06-10,1,판타지
롤랑롤랑,2021-06-17,1,판타지
롤랑롤랑,2021-06-24,1,판타지
롤랑롤랑,2021-07-01,1,판타지
롤랑롤랑,2021-07-08,1,판타지
롤랑롤랑,2021-09-05,3,판타지
쿠베라,2020-12-17,2,"판타지, 연도별웹툰"
쿠베라,2020-12-23,2,"판타지, 연도별웹툰"
쿠베라,2020-12-31,1,"판타지, 연도별웹툰"
쿠베라,2021-01-14,2,"판타지, 연도별웹툰"
쿠베라,2021-01-21,1,"판타지, 연도별웹툰"
쿠베라,2021-01-28,1,"판타지, 연도별웹툰"
쿠베라,2021-02-03,1,"판타지, 연도별웹툰"
쿠베라,2021-02-11,1,"판타지, 연도별웹툰"
쿠베라,2021-02-18,1,"판타지, 연도별웹툰"
쿠베라,2021-02-24,1,"판타지, 연도별웹툰"
쿠베라,2021-03-04,1,"판타지, 연도별웹툰"
쿠베라,2021-03-10,1,"판타지, 연도별웹툰"
쿠베라,2021-03-18,1,"판타지, 연도별웹툰"
쿠베라,2021-03-25,1,"판타지, 연도별웹툰"
쿠베라,2021-03-31,1,"판타지, 연도별웹툰"
쿠베라,2021-04-07,1,"판타지, 연도별웹툰"
쿠베라,2021-04-15,1,"판타지, 연도별웹툰"
쿠베라,2021-04-28,2,"판타지, 연도별웹툰"
쿠베라,2021-05-06,1,"판타지, 연도별웹툰"
쿠베라,2021-05-12,1,"판타지, 연도별웹툰"
쿠베라,2021-05-20,1,"판타지, 연도별웹툰"
쿠베라,2021-05-27,1,"판타지, 연도별웹툰"
쿠베라,2021-06-03,1,"판타지, 연도별웹툰"
쿠베라,2021-06-10,1,"판타지, 연도별웹툰"
쿠베라,2021-06-17,1,"판타지, 연도별웹툰"
쿠베라,2021-06-24,1,"판타지, 연도별웹툰"
쿠베라,2021-07-01,1,"판타지, 연도별웹툰"
쿠베라,2021-07-08,1,"판타지, 연도별웹툰"
쿠베라,2021-09-03,3,"판타지, 연도별웹툰"
쿠베라,2021-09-10,1,"판타지, 연도별웹툰"
쿠베라,2021-09-16,1,"판타지, 연도별웹툰"
쿠베라,2021-09-23,1,"판타지, 연도별웹툰"
쿠베라,2021-09-30,1,"판타지, 연도별웹툰"
쿠베라,2021-10-07,1,"판타지, 연도별웹툰"
쿠베라,2021-10-14,1,"판타지, 연도별웹툰"
쿠베라,2021-10-21,1,"판타지, 연도별웹툰"
쿠베라,2021-10-29,1,"판타지, 연도별웹툰"
쿠베라,2021-11-04,1,"판타지, 연도별웹툰"
쿠베라,2021-11-11,1,"판타지, 연도별웹툰"
쿠베라,2021-11-18,1,"판타지, 연도별웹툰"
쿠베라,2021-11-25,1,"판타지, 연도별웹툰"
쿠베라,2021-12-02,1,"판타지, 연도별웹툰"
쿠베라,2021-12-09,1,"판타지, 연도별웹툰"
쿠베라,2021-12-15,1,"판타지, 연도별웹툰"
쿠베라,2021-12-22,1,"판타지, 연도별웹툰"
쿠베라,2021-12-30,1,"판타지, 연도별웹툰"
쿠베라,2022-01-06,1,"판타지, 연도별웹툰"
쿠베라,2022-01-14,1,"판타지, 연도별웹툰"
쿠베라,2022-01-20,1,"판타지, 연도별웹툰"
쿠베라,2022-01-27,1,"판타지, 연도별웹툰"
쿠베라,2022-02-03,1,"판타지, 연도별웹툰"
쿠베라,2022-02-09,1,"판타지, 연도별웹툰"
쿠베라,2022-02-17,1,"판타지, 연도별웹툰"
쿠베라,2022-02-25,1,"판타지, 연도별웹툰"
쿠베라,2022-03-04,1,"판타지, 연도별웹툰"
쿠베라,2022-03-10,1,"판타지, 연도별웹툰"
쿠베라,2022-03-16,1,"판타지, 연도별웹툰"
쿠베라,2022-03-24,1,"판타지, 연도별웹툰"
쿠베라,2022-03-31,1,"판타지, 연도별웹툰"
쿠베라,2022-04-07,1,"판타지, 연도별웹툰"
쿠베라,2022-04-14,1,"판타지, 연도별웹툰"
쿠베라,2022-04-21,1,"판타지, 연도별웹툰"
쿠베라,2022-04-27,1,"판타지, 연도별웹툰"
쿠베라,2022-05-20,3,"판타지, 연도별웹툰"
쿠베라,2022-05-26,1,"판타지, 연도별웹툰"
쿠베라,2022-06-12,2,"판타지, 연도별웹툰"
쿠베라,2022-06-16,1,"판타지, 연도별웹툰"
쿠베라,2022-07-02,2,"판타지, 연도별웹툰"
쿠베라,2022-07-06,1,"판타지, 연도별웹툰"
쿠베라,2022-07-14,1,"판타지, 연도별웹툰"
쿠베라,2022-07-21,1,"판타지, 연도별웹툰"
쿠베라,2022-07-28,1,"판타지, 연도별웹툰"
쿠베라,2022-08-04,1,"판타지, 연도별웹툰"
쿠베라,2022-08-11,1,"판타지, 연도별웹툰"
쿠베라,2022-09-29,3,"판타지, 연도별웹툰"
쿠베라,2022-10-06,1,"판타지, 연도별웹툰"
쿠베라,2022-10-13,1,"판타지, 연도별웹툰"
쿠베라,2022-10-20,1,"판타지, 연도별웹툰"
쿠베라,2022-10-27,1,"판타지, 연도별웹툰"
쿠베라,2022-11-11,1,"판타지, 연도별웹툰"
쿠베라,2022-11-17,1,"판타지, 연도별웹툰"
쿠베라,2022-11-24,1,"판타지, 연도별웹툰"
쿠베라,2022-12-01,1,"판타지, 연도별웹툰"
쿠베라,2022-12-08,1,"판타지, 연도별웹툰"
쿠베라,2022-12-16,1,"판타지, 연도별웹툰"
쿠베라,2022-12-22,1,"판타지, 연도별웹툰"
쿠베라,2022-12-29,1,"판타지, 연도별웹툰"
쿠베라,2023-01-05,1,"판타지, 연도별웹툰"
쿠베라,2023-01-12,1,"판타지, 연도별웹툰"
쿠베라,2023-01-19,1,"판타지, 연도별웹툰"
쿠베라,2023-01-26,1,"판타지, 연도별웹툰"
쿠베라,2023-02-02,1,"판타지, 연도별웹툰"
쿠베라,2023-02-09,1,"판타지, 연도별웹툰"
쿠베라,2023-02-17,1,"판타지, 연도별웹툰"
쿠베라,2023-02-24,1,"판타지, 연도별웹툰"
쿠베라,2023-03-02,1,"판타지, 연도별웹툰"
쿠베라,2023-03-15,1,"판타지, 연도별웹툰"
쿠베라,2023-03-16,1,"판타지, 연도별웹툰"
쿠베라,2023-03-25,1,"판타지, 연도별웹툰"
쿠베라,2023-03-31,1,"판타지, 연도별웹툰"
쿠베라,2023-04-06,1,"판타지, 연도별웹툰"
쿠베라,2023-04-13,1,"판타지, 연도별웹툰"
쿠베라,2023-04-20,1,"판타지, 연도별웹툰"
쿠베라,2023-04-27,1,"판타지, 연도별웹툰"
쿠베라,2023-05-04,1,"판타지, 연도별웹툰"
쿠베라,2023-05-11,1,"판타지, 연도별웹툰"
쿠베라,2023-05-18,1,"판타지, 연도별웹툰"
쿠베라,2023-05-24,1,"판타지, 연도별웹툰"
쿠베라,2023-05-31,1,"판타지, 연도별웹툰"
쿠베라,2023-06-08,1,"판타지, 연도별웹툰"
쿠베라,2023-06-15,1,"판타지, 연도별웹툰"
쿠베라,2023-06-23,1,"판타지, 연도별웹툰"
쿠베라,2023-06-29,1,"판타지, 연도별웹툰"
쿠베라,2023-07-06,1,"판타지, 연도별웹툰"
쿠베라,2023-07-13,1,"판타지, 연도별웹툰"
쿠베라,2023-07-20,1,"판타지, 연도별웹툰"
쿠베라,2023-07-26,1,"판타지, 연도별웹툰"
쿠베라,2023-08-03,1,"판타지, 연도별웹툰"
쿠베라,2023-08-10,1,"판타지, 연도별웹툰"
쿠베라,2023-08-17,1,"판타지, 연도별웹툰"
쿠베라,2023-08-24,1,"판타지, 연도별웹툰"
쿠베라,2023-08-31,1,"판타지, 연도별웹툰"
쿠베라,2023-09-08,1,"판타지, 연도별웹툰"
쿠베라,2023-09-14,1,"판타지, 연도별웹툰"
쿠베라,2023-09-21,1,"판타지, 연도별웹툰"
쿠베라,2023-09-28,1,"판타지, 연도별웹툰"
쿠베라,2023-10-06,1,"판타지, 연도별웹툰"
쿠베라,2023-10-12,1,"판타지, 연도별웹툰"
쿠베라,2023-10-19,1,"판타지, 연도별웹툰"
쿠베라,2023-10-26,1,"판타지, 연도별웹툰"
쿠베라,2024-03-28,2,"판타지, 연도별웹툰"
쿠베라,2024-04-05,1,"판타지, 연도별웹툰"
쿠베라,2024-04-11,1,"판타지, 연도별웹툰"
쿠베라,2024-04-18,1,"판타지, 연도별웹툰"
쿠베라,2024-04-25,1,"판타지, 연도별웹툰"
쿠베라,2024-05-02,1,"판타지, 연도별웹툰"
쿠베라,2024-05-09,1,"판타지, 연도별웹툰"
쿠베라,2024-05-17,2,"판타지, 연도별웹툰"
쿠베라,2024-05-23,1,"판타지, 연도별웹툰"
쿠베라,2024-05-30,1,"판타지, 연도별웹툰"
쿠베라,2024-06-06,1,"판타지, 연도별웹툰"
쿠베라,2024-06-13,1,"판타지, 연도별웹툰"
쿠베라,2024-06-19,1,"판타지, 연도별웹툰"
쿠베라,2024-06-27,1,"판타지, 연도별웹툰"
쿠베라,2024-07-04,1,"판타지, 연도별웹툰"
쿠베라,2024-07-11,1,"판타지, 연도별웹툰"
쿠베라,2024-07-19,1,"판타지, 연도별웹툰"
쿠베라,2024-07-25,1,"판타지, 연도별웹툰"
쿠베라,2024-07-31,1,"판타지, 연도별웹툰"
쿠베라,2024-08-08,1,"판타지, 연도별웹툰"
쿠베라,2024-08-16,1,"판타지, 연도별웹툰"
쿠베라,2024-08-23,1,"판타지, 연도별웹툰"
쿠베라,2024-08-30,1,"판타지, 연도별웹툰"
쿠베라,2024-09-05,1,"판타지, 연도별웹툰"
쿠베라,2024-09-12,1,"판타지, 연도별웹툰"
쿠베라,2024-09-19,1,"판타지, 연도별웹툰"
쿠베라,2024-09-26,1,"판타지, 연도별웹툰"
쿠베라,2024-10-03,1,"판타지, 연도별웹툰"
쿠베라,2024-10-10,1,"판타지, 연도별웹툰"
쿠베라,2024-10-17,1,"판타지, 연도별웹툰"
쿠베라,2024-10-24,1,"판타지, 연도별웹툰"
쿠베라,2024-10-31,1,"판타지, 연도별웹툰"
쿠베라,2024-11-07,1,"판타지, 연도별웹툰"
좀비를 위한 나라는...,2020-12-25,6,판타지
좀비를 위한 나라는...,2020-12-26,6,판타지
좀비를 위한 나라는...,2021-01-05,2,판타지
좀비를 위한 나라는...,2021-01-13,4,판타지
좀비를 위한 나라는...,2021-01-18,2,판타지
좀비를 위한 나라는...,2021-01-19,6,판타지
좀비를 위한 나라는...,2021-01-20,2,판타지
좀비를 위한 나라는...,2021-01-21,39,판타지
나는 너를 보았다,2020-12-25,8,"스릴러, 연도별웹툰"
나는 너를 보았다,2020-12-26,3,"스릴러, 연도별웹툰"
나는 너를 보았다,2020-12-31,47,"스릴러, 연도별웹툰"
드로잉 레시피,2021-01-25,3,감성
드로잉 레시피,2021-02-01,1,감성
드로잉 레시피,2021-02-07,1,감성
드로잉 레시피,2021-02-15,1,감성
드로잉 레시피,2021-02-21,1,감성
드로잉 레시피,2021-03-01,1,감성
드로잉 레시피,2021-03-08,1,감성
드로잉 레시피,2021-03-15,1,감성
드로잉 레시피,2021-03-22,1,감성
드로잉 레시피,2021-03-29,1,감성
드로잉 레시피,2021-04-05,1,감성
드로잉 레시피,2021-04-12,1,감성
드로잉 레시피,2021-04-18,1,감성
드로잉 레시피,2021-04-25,1,감성
드로잉 레시피,2021-05-03,1,감성
드로잉 레시피,2021-05-10,1,감성
드로잉 레시피,2021-05-17,1,감성
드로잉 레시피,2021-05-23,1,감성
드로잉 레시피,2021-05-31,1,감성
드로잉 레시피,2021-06-07,1,감성
드로잉 레시피,2021-06-16,1,감성
드로잉 레시피,2021-06-21,1,감성
드로잉 레시피,2021-06-28,1,감성
드로잉 레시피,2021-07-05,1,감성
드로잉 레시피,2021-07-15,1,감성
드로잉 레시피,2021-07-20,1,감성
드로잉 레시피,2021-07-26,1,감성
드로잉 레시피,2021-08-02,1,감성
드로잉 레시피,2021-08-10,1,감성
드로잉 레시피,2021-08-16,1,감성
드로잉 레시피,2021-08-23,1,감성
드로잉 레시피,2021-08-30,1,감성
드로잉 레시피,2021-09-06,1,감성
드로잉 레시피,2021-09-13,1,감성
드로잉 레시피,2021-09-20,1,감성
드로잉 레시피,2021-09-26,1,감성
드로잉 레시피,2021-10-04,1,감성
드로잉 레시피,2021-10-11,1,감성
드로잉 레시피,2021-10-18,1,감성
드로잉 레시피,2021-10-25,1,감성
드로잉 레시피,2021-11-01,1,감성
드로잉 레시피,2021-11-22,2,감성
드로잉 레시피,2021-11-28,1,감성
드로잉 레시피,2021-12-06,1,감성
드로잉 레시피,2021-12-13,1,감성
드로잉 레시피,2021-12-20,1,감성
드로잉 레시피,2021-12-27,1,감성
한줌 물망초,2021-01-25,24,
한줌 물망초,2021-01-26,7,
한줌 물망초,2021-01-28,46,
고수,2021-01-27,2,판타지
고수,2021-02-03,2,판타지
고수,2021-02-10,1,판타지
고수,2021-02-17,1,판타지
고수,2021-02-23,1,판타지
고수,2021-03-02,1,판타지
고수,2021-03-17,1,판타지
고수,2021-04-21,1,판타지
어글리후드,2021-01-30,5,"판타지, 연도별웹툰"
어글리후드,2021-02-06,1,"판타지, 연도별웹툰"
어글리후드,2021-02-12,1,"판타지, 연도별웹툰"
어글리후드,2021-02-27,2,"판타지, 연도별웹툰"
어글리후드,2021-03-05,1,"판타지, 연도별웹툰"
어글리후드,2021-03-13,1,"판타지, 연도별웹툰"
어글리후드,2021-03-20,1,"판타지, 연도별웹툰"
어글리후드,2021-03-27,1,"판타지, 연도별웹툰"
어글리후드,2021-04-03,1,"판타지, 연도별웹툰"
어글리후드,2021-04-10,1,"판타지, 연도별웹툰"
어글리후드,2021-04-18,1,"판타지, 연도별웹툰"
어글리후드,2021-04-24,1,"판타지, 연도별웹툰"
어글리후드,2021-05-01,1,"판타지, 연도별웹툰"
어글리후드,2021-05-15,2,"판타지, 연도별웹툰"
어글리후드,2021-06-04,3,"판타지, 연도별웹툰"
어글리후드,2021-06-12,1,"판타지, 연도별웹툰"
어글리후드,2021-06-20,1,"판타지, 연도별웹툰"
어글리후드,2021-06-26,1,"판타지, 연도별웹툰"
어글리후드,2021-07-03,1,"판타지, 연도별웹툰"
어글리후드,2021-07-11,1,"판타지, 연도별웹툰"
어글리후드,2021-07-18,1,"판타지, 연도별웹툰"
어글리후드,2021-07-24,1,"판타지, 연도별웹툰"
어글리후드,2021-08-01,1,"판타지, 연도별웹툰"
어글리후드,2021-10-02,5,"판타지, 연도별웹툰"
어글리후드,2021-10-09,1,"판타지, 연도별웹툰"
어글리후드,2021-10-16,1,"판타지, 연도별웹툰"
어글리후드,2021-10-23,1,"판타지, 연도별웹툰"
어글리후드,2021-10-29,1,"판타지, 연도별웹툰"
어글리후드,2021-11-06,1,"판타지, 연도별웹툰"
어글리후드,2021-11-12,1,"판타지, 연도별웹툰"
어글리후드,2021-11-22,1,"판타지, 연도별웹툰"
어글리후드,2021-11-28,1,"판타지, 연도별웹툰"
어글리후드,2021-12-04,1,"판타지, 연도별웹툰"
어글리후드,2021-12-11,1,"판타지, 연도별웹툰"
어글리후드,2021-12-18,1,"판타지, 연도별웹툰"
어글리후드,2021-12-25,1,"판타지, 연도별웹툰"
어글리후드,2022-01-08,1,"판타지, 연도별웹툰"
어글리후드,2022-01-15,1,"판타지, 연도별웹툰"
어글리후드,2022-01-21,1,"판타지, 연도별웹툰"
어글리후드,2022-01-29,1,"판타지, 연도별웹툰"
어글리후드,2022-02-06,1,"판타지, 연도별웹툰"
어글리후드,2022-02-12,1,"판타지, 연도별웹툰"
어글리후드,2022-02-19,1,"판타지, 연도별웹툰"
어글리후드,2022-02-28,1,"판타지, 연도별웹툰"
어글리후드,2022-03-05,1,"판타지, 연도별웹툰"
어글리후드,2022-03-11,1,"판타지, 연도별웹툰"
어글리후드,2022-03-21,1,"판타지, 연도별웹툰"
어글리후드,2022-09-23,4,"판타지, 연도별웹툰"
어글리후드,2022-09-25,1,"판타지, 연도별웹툰"
어글리후드,2022-10-01,1,"판타지, 연도별웹툰"
어글리후드,2022-10-10,1,"판타지, 연도별웹툰"
어글리후드,2022-12-31,4,"판타지, 연도별웹툰"
어글리후드,2023-01-07,1,"판타지, 연도별웹툰"
어글리후드,2023-01-15,1,"판타지, 연도별웹툰"
어글리후드,2023-01-22,1,"판타지, 연도별웹툰"
어글리후드,2023-01-29,1,"판타지, 연도별웹툰"
어글리후드,2023-02-06,1,"판타지, 연도별웹툰"
어글리후드,2023-02-12,1,"판타지, 연도별웹툰"
어글리후드,2023-02-18,1,"판타지, 연도별웹툰"
어글리후드,2023-04-15,4,"판타지, 연도별웹툰"
어글리후드,2023-04-22,1,"판타지, 연도별웹툰"
어글리후드,2024-03-23,3,"판타지, 연도별웹툰"
어글리후드,2024-03-30,1,"판타지, 연도별웹툰"
어글리후드,2024-04-06,1,"판타지, 연도별웹툰"
어글리후드,2024-10-18,1,"판타지, 연도별웹툰"
어글리후드,2024-10-19,2,"판타지, 연도별웹툰"
어글리후드,2024-10-26,1,"판타지, 연도별웹툰"
어글리후드,2024-11-02,1,"판타지, 연도별웹툰"
데이빗,2021-02-04,1,드라마
먹이,2021-02-06,4,스릴러
먹이,2021-02-12,1,스릴러
먹이,2021-02-27,2,스릴러
먹이,2021-03-13,1,스릴러
먹이,2021-04-24,4,스릴러
먹이,2021-05-01,1,스릴러
먹이,2021-05-08,1,스릴러
먹이,2021-05-15,1,스릴러
먹이,2021-05-22,1,스릴러
먹이,2021-06-26,4,스릴러
먹이,2021-07-03,1,스릴러
먹이,2021-08-01,3,스릴러
제로게임,2021-02-08,3,"판타지, 연도별웹툰"
제로게임,2021-02-16,1,"판타지, 연도별웹툰"
제로게임,2021-02-23,1,"판타지, 연도별웹툰"
제로게임,2021-03-01,1,"판타지, 연도별웹툰"
제로게임,2021-03-09,1,"판타지, 연도별웹툰"
제로게임,2021-03-16,1,"판타지, 연도별웹툰"
제로게임,2021-03-23,1,"판타지, 연도별웹툰"
제로게임,2021-04-06,2,"판타지, 연도별웹툰"
제로게임,2021-04-13,1,"판타지, 연도별웹툰"
제로게임,2021-04-20,1,"판타지, 연도별웹툰"
제로게임,2021-04-27,1,"판타지, 연도별웹툰"
제로게임,2021-05-06,1,"판타지, 연도별웹툰"
제로게임,2021-05-20,2,"판타지, 연도별웹툰"
제로게임,2021-05-25,1,"판타지, 연도별웹툰"
제로게임,2021-06-01,1,"판타지, 연도별웹툰"
제로게임,2021-06-08,1,"판타지, 연도별웹툰"
제로게임,2021-06-20,1,"판타지, 연도별웹툰"
제로게임,2021-06-23,1,"판타지, 연도별웹툰"
제로게임,2021-06-28,1,"판타지, 연도별웹툰"
제로게임,2021-07-05,1,"판타지, 연도별웹툰"
제로게임,2021-09-14,3,"판타지, 연도별웹툰"
제로게임,2021-09-28,1,"판타지, 연도별웹툰"
제로게임,2021-09-30,1,"판타지, 연도별웹툰"
제로게임,2021-10-05,1,"판타지, 연도별웹툰"
제로게임,2021-11-02,3,"판타지, 연도별웹툰"
제로게임,2021-11-10,1,"판타지, 연도별웹툰"
제로게임,2021-11-18,1,"판타지, 연도별웹툰"
제로게임,2021-11-24,1,"판타지, 연도별웹툰"
제로게임,2021-11-30,1,"판타지, 연도별웹툰"
제로게임,2021-12-09,1,"판타지, 연도별웹툰"
제로게임,2021-12-14,2,"판타지, 연도별웹툰"
제로게임,2021-12-15,1,"판타지, 연도별웹툰"
제로게임,2021-12-21,1,"판타지, 연도별웹툰"
제로게임,2021-12-31,1,"판타지, 연도별웹툰"
제로게임,2022-01-04,1,"판타지, 연도별웹툰"
제로게임,2022-01-11,1,"판타지, 연도별웹툰"
제로게임,2022-01-17,1,"판타지, 연도별웹툰"
제로게임,2022-01-25,1,"판타지, 연도별웹툰"
제로게임,2022-02-01,1,"판타지, 연도별웹툰"
제로게임,2022-02-08,1,"판타지, 연도별웹툰"
제로게임,2022-02-15,1,"판타지, 연도별웹툰"
제로게임,2022-02-21,1,"판타지, 연도별웹툰"
제로게임,2022-03-04,1,"판타지, 연도별웹툰"
제로게임,2022-03-08,1,"판타지, 연도별웹툰"
제로게임,2022-03-16,1,"판타지, 연도별웹툰"
제로게임,2022-03-21,1,"판타지, 연도별웹툰"
제로게임,2022-03-30,1,"판타지, 연도별웹툰"
제로게임,2022-04-05,1,"판타지, 연도별웹툰"
제로게임,2022-04-11,1,"판타지, 연도별웹툰"
제로게임,2022-04-19,1,"판타지, 연도별웹툰"
제로게임,2022-04-26,1,"판타지, 연도별웹툰"
제로게임,2022-05-23,3,"판타지, 연도별웹툰"
제로게임,2022-05-30,1,"판타지, 연도별웹툰"
제로게임,2022-06-12,1,"판타지, 연도별웹툰"
제로게임,2022-06-14,1,"판타지, 연도별웹툰"
제로게임,2022-07-28,3,"판타지, 연도별웹툰"
제로게임,2022-08-03,1,"판타지, 연도별웹툰"
제로게임,2022-08-09,1,"판타지, 연도별웹툰"
제로게임,2022-08-15,1,"판타지, 연도별웹툰"
제로게임,2022-08-23,1,"판타지, 연도별웹툰"
제로게임,2022-08-30,1,"판타지, 연도별웹툰"
제로게임,2022-09-12,1,"판타지, 연도별웹툰"
제로게임,2022-09-13,1,"판타지, 연도별웹툰"
제로게임,2022-09-20,1,"판타지, 연도별웹툰"
제로게임,2022-09-28,1,"판타지, 연도별웹툰"
안녕 나의 모모로,2021-02-23,2,"일상, 연도별웹툰"
그놈은 흑염룡,2021-02-23,1,로맨스
호러전파상,2021-03-01,3,판타지
율리,2021-03-01,5,"드라마, 연도별웹툰"
율리,2021-03-05,1,"드라마, 연도별웹툰"
율리,2021-03-13,1,"드라마, 연도별웹툰"
율리,2021-03-20,1,"드라마, 연도별웹툰"
율리,2021-03-27,1,"드라마, 연도별웹툰"
율리,2021-04-03,1,"드라마, 연도별웹툰"
율리,2021-04-10,1,"드라마, 연도별웹툰"
율리,2021-04-18,1,"드라마, 연도별웹툰"
율리,2021-04-24,1,"드라마, 연도별웹툰"
율리,2021-04-30,1,"드라마, 연도별웹툰"
율리,2021-05-08,1,"드라마, 연도별웹툰"
율리,2021-05-15,1,"드라마, 연도별웹툰"
율리,2021-05-22,1,"드라마, 연도별웹툰"
율리,2021-06-04,2,"드라마, 연도별웹툰"
율리,2021-06-12,1,"드라마, 연도별웹툰"
율리,2021-06-20,1,"드라마, 연도별웹툰"
율리,2021-06-26,1,"드라마, 연도별웹툰"
율리,2021-07-03,1,"드라마, 연도별웹툰"
율리,2021-07-11,1,"드라마, 연도별웹툰"
율리,2021-07-17,1,"드라마, 연도별웹툰"
율리,2021-08-01,2,"드라마, 연도별웹툰"
율리,2021-10-02,5,"드라마, 연도별웹툰"
율리,2021-10-09,1,"드라마, 연도별웹툰"
율리,2021-10-16,1,"드라마, 연도별웹툰"
율리,2021-10-23,1,"드라마, 연도별웹툰"
율리,2024-05-11,5,"드라마, 연도별웹툰"
율리,2024-05-18,1,"드라마, 연도별웹툰"
율리,2024-05-24,1,"드라마, 연도별웹툰"
율리,2024-05-31,5,"드라마, 연도별웹툰"
율리,2024-06-02,1,"드라마, 연도별웹툰"
율리,2024-06-08,1,"드라마, 연도별웹툰"
율리,2024-06-15,1,"드라마, 연도별웹툰"
율리,2024-06-22,1,"드라마, 연도별웹툰"
율리,2024-06-29,1,"드라마, 연도별웹툰"
율리,2024-07-06,1,"드라마, 연도별웹툰"
율리,2024-07-13,1,"드라마, 연도별웹툰"
율리,2024-07-20,1,"드라마, 연도별웹툰"
율리,2024-07-27,1,"드라마, 연도별웹툰"
율리,2024-08-03,1,"드라마, 연도별웹툰"
율리,2024-08-10,1,"드라마, 연도별웹툰"
율리,2024-08-17,1,"드라마, 연도별웹툰"
율리,2024-08-26,1,"드라마, 연도별웹툰"
율리,2024-08-31,1,"드라마, 연도별웹툰"
율리,2024-09-07,1,"드라마, 연도별웹툰"
율리,2024-09-14,1,"드라마, 연도별웹툰"
율리,2024-09-21,1,"드라마, 연도별웹툰"
율리,2024-09-28,1,"드라마, 연도별웹툰"
율리,2024-10-05,1,"드라마, 연도별웹툰"
율리,2024-10-12,1,"드라마, 연도별웹툰"
율리,2024-10-18,1,"드라마, 연도별웹툰"
율리,2024-11-02,1,"드라마, 연도별웹툰"
도사 가온,2021-03-02,5,판타지
도사 가온,2021-03-05,1,판타지
도사 가온,2021-03-13,1,판타지
도사 가온,2021-03-20,1,판타지
도사 가온,2021-03-27,1,판타지
도사 가온,2021-04-03,1,판타지
도사 가온,2021-04-10,1,판타지
도사 가온,2021-04-18,1,판타지
도사 가온,2021-04-24,1,판타지
도사 가온,2021-04-30,1,판타지
도사 가온,2021-05-08,1,판타지
도사 가온,2021-05-15,1,판타지
도사 가온,2021-05-22,1,판타지
도사 가온,2021-06-04,2,판타지
도사 가온,2021-06-12,1,판타지
도사 가온,2021-06-20,1,판타지
도사 가온,2021-06-26,1,판타지
도사 가온,2021-07-03,1,판타지
도사 가온,2021-07-11,1,판타지
도사 가온,2021-07-17,1,판타지
브랜든,2021-03-10,5,드라마
브랜든,2021-03-15,1,드라마
브랜든,2021-03-22,1,드라마
브랜든,2021-03-29,1,드라마
브랜든,2021-04-05,1,드라마
브랜든,2021-04-12,1,드라마
브랜든,2021-04-18,1,드라마
브랜든,2021-04-25,1,드라마
브랜든,2021-05-03,1,드라마
브랜든,2021-05-10,1,드라마
브랜든,2021-05-17,1,드라마
브랜든,2021-05-23,1,드라마
브랜든,2021-05-31,1,드라마
브랜든,2021-06-07,1,드라마
브랜든,2021-06-16,1,드라마
브랜든,2021-07-08,1,드라마
1인용 기분,2021-03-15,6,감성
1인용 기분,2021-03-17,30,감성
병의 맛,2021-03-16,7,드라마
에리타,2021-03-16,1,드라마
에리타,2021-03-18,4,드라마
에리타,2022-08-27,4,드라마
만물의 영장,2021-03-24,1,"개그, 연도별웹툰"
만물의 영장,2021-03-25,2,"개그, 연도별웹툰"
만물의 영장,2021-03-31,1,"개그, 연도별웹툰"
만물의 영장,2021-04-07,1,"개그, 연도별웹툰"
만물의 영장,2021-04-15,1,"개그, 연도별웹툰"
만물의 영장,2021-04-21,1,"개그, 연도별웹툰"
만물의 영장,2021-04-28,1,"개그, 연도별웹툰"
만물의 영장,2021-05-12,1,"개그, 연도별웹툰"
만물의 영장,2021-05-20,1,"개그, 연도별웹툰"
만물의 영장,2021-05-27,1,"개그, 연도별웹툰"
만물의 영장,2021-06-03,1,"개그, 연도별웹툰"
만물의 영장,2021-06-10,1,"개그, 연도별웹툰"
만물의 영장,2021-06-17,1,"개그, 연도별웹툰"
만물의 영장,2021-06-24,1,"개그, 연도별웹툰"
만물의 영장,2021-07-01,1,"개그, 연도별웹툰"
만물의 영장,2021-07-08,1,"개그, 연도별웹툰"
만물의 영장,2021-08-04,3,"개그, 연도별웹툰"
만물의 영장,2021-08-12,1,"개그, 연도별웹툰"
만물의 영장,2021-10-13,3,"개그, 연도별웹툰"
만물의 영장,2021-10-21,1,"개그, 연도별웹툰"
만물의 영장,2021-10-28,1,"개그, 연도별웹툰"
만물의 영장,2021-11-04,1,"개그, 연도별웹툰"
만물의 영장,2021-11-11,1,"개그, 연도별웹툰"
만물의 영장,2021-11-18,1,"개그, 연도별웹툰"
만물의 영장,2021-11-25,1,"개그, 연도별웹툰"
만물의 영장,2021-12-02,1,"개그, 연도별웹툰"
만물의 영장,2021-12-09,1,"개그, 연도별웹툰"
만물의 영장,2021-12-15,1,"개그, 연도별웹툰"
만물의 영장,2021-12-22,1,"개그, 연도별웹툰"
만물의 영장,2021-12-30,1,"개그, 연도별웹툰"
만물의 영장,2022-01-08,1,"개그, 연도별웹툰"
만물의 영장,2022-01-14,1,"개그, 연도별웹툰"
만물의 영장,2022-01-20,1,"개그, 연도별웹툰"
물고기가 보이는 남...,2021-03-29,88,드라마
물고기가 보이는 남...,2023-01-10,23,드라마
인문학적 감수성 [...,2021-03-29,5,
인문학적 감수성 [...,2021-04-06,1,
인문학적 감수성 [...,2021-04-13,1,
인문학적 감수성 [...,2021-04-21,1,
인문학적 감수성 [...,2021-04-27,1,
인문학적 감수성 [...,2021-05-04,1,
인문학적 감수성 [...,2021-05-11,1,
인문학적 감수성 [...,2021-05-18,1,
인문학적 감수성 [...,2021-05-25,1,
인문학적 감수성 [...,2021-06-01,1,
인문학적 감수성 [...,2021-06-08,1,
인문학적 감수성 [...,2021-06-20,1,
인문학적 감수성 [...,2021-06-23,1,
인문학적 감수성 [...,2021-06-28,1,
인문학적 감수성 [...,2021-07-05,1,
인문학적 감수성 [...,2021-07-15,1,
인문학적 감수성 [...,2021-07-20,1,
인문학적 감수성 [...,2021-07-27,1,
인문학적 감수성 [...,2021-09-07,5,
인문학적 감수성 [...,2021-09-14,1,
야생천사 보호구역,2021-04-05,3,로맨스
야생천사 보호구역,2021-04-12,1,로맨스
야생천사 보호구역,2021-04-18,1,로맨스
야생천사 보호구역,2021-04-25,1,로맨스
야생천사 보호구역,2021-05-03,1,로맨스
야생천사 보호구역,2021-05-10,1,로맨스
야생천사 보호구역,2021-05-17,1,로맨스
야생천사 보호구역,2021-05-24,1,로맨스
야생천사 보호구역,2021-05-31,1,로맨스
야생천사 보호구역,2021-06-07,1,로맨스
야생천사 보호구역,2021-06-16,1,로맨스
야생천사 보호구역,2021-06-21,1,로맨스
야생천사 보호구역,2021-06-28,1,로맨스
야생천사 보호구역,2021-07-05,1,로맨스
야생천사 보호구역,2021-07-15,1,로맨스
야생천사 보호구역,2021-07-20,1,로맨스
야생천사 보호구역,2021-08-23,3,로맨스
야생천사 보호구역,2021-11-22,3,로맨스
야생천사 보호구역,2021-11-29,1,로맨스
야생천사 보호구역,2021-12-06,1,로맨스
야생천사 보호구역,2021-12-13,1,로맨스
야생천사 보호구역,2021-12-20,1,로맨스
야생천사 보호구역,2021-12-27,1,로맨스
야생천사 보호구역,2022-01-03,1,로맨스
야생천사 보호구역,2022-01-09,1,로맨스
야생천사 보호구역,2022-01-18,1,로맨스
야생천사 보호구역,2022-01-23,1,로맨스
야생천사 보호구역,2022-02-07,1,로맨스
야생천사 보호구역,2022-03-21,3,로맨스
야생천사 보호구역,2022-03-28,1,로맨스
야생천사 보호구역,2022-04-04,1,로맨스
야생천사 보호구역,2022-04-11,1,로맨스
야생천사 보호구역,2022-04-18,1,로맨스
야생천사 보호구역,2022-04-25,1,로맨스
야생천사 보호구역,2022-05-23,3,로맨스
야생천사 보호구역,2022-05-30,1,로맨스
야생천사 보호구역,2022-06-15,1,로맨스
야생천사 보호구역,2022-06-16,1,로맨스
야생천사 보호구역,2022-06-25,1,로맨스
야생천사 보호구역,2022-06-27,1,로맨스
야생천사 보호구역,2022-07-04,1,로맨스
안개무덤,2021-04-08,2,스릴러
안개무덤,2021-04-15,1,스릴러
안개무덤,2021-04-29,2,스릴러
안개무덤,2021-05-06,1,스릴러
안개무덤,2021-05-12,1,스릴러
안개무덤,2021-05-20,1,스릴러
안개무덤,2021-05-27,1,스릴러
안개무덤,2021-06-03,1,스릴러
안개무덤,2021-06-10,1,스릴러
안개무덤,2021-06-17,1,스릴러
아이즈,2021-04-08,3,"액션, 연도별웹툰"
아이즈,2021-05-06,3,"액션, 연도별웹툰"
아이즈,2021-05-10,1,"액션, 연도별웹툰"
아이즈,2021-05-18,1,"액션, 연도별웹툰"
아이즈,2021-05-25,1,"액션, 연도별웹툰"
아이즈,2021-06-01,1,"액션, 연도별웹툰"
아이즈,2021-06-08,1,"액션, 연도별웹툰"
아이즈,2021-06-16,1,"액션, 연도별웹툰"
아이즈,2021-06-23,1,"액션, 연도별웹툰"
아이즈,2021-06-28,1,"액션, 연도별웹툰"
아이즈,2021-07-05,1,"액션, 연도별웹툰"
아이즈,2021-07-15,1,"액션, 연도별웹툰"
아이즈,2022-03-21,5,"액션, 연도별웹툰"
아이즈,2022-03-30,1,"액션, 연도별웹툰"
아이즈,2022-04-09,1,"액션, 연도별웹툰"
아이즈,2022-04-11,1,"액션, 연도별웹툰"
아이즈,2022-04-19,1,"액션, 연도별웹툰"
하우스키퍼,2021-04-13,5,"판타지, 연도별웹툰"
하우스키퍼,2021-04-20,1,"판타지, 연도별웹툰"
하우스키퍼,2021-04-27,1,"판타지, 연도별웹툰"
하우스키퍼,2021-05-06,1,"판타지, 연도별웹툰"
하우스키퍼,2021-05-10,1,"판타지, 연도별웹툰"
하우스키퍼,2021-05-18,1,"판타지, 연도별웹툰"
하우스키퍼,2021-05-25,1,"판타지, 연도별웹툰"
하우스키퍼,2021-06-01,1,"판타지, 연도별웹툰"
하우스키퍼,2021-09-14,4,"판타지, 연도별웹툰"
하우스키퍼,2021-09-21,1,"판타지, 연도별웹툰"
하우스키퍼,2021-09-28,1,"판타지, 연도별웹툰"
하우스키퍼,2021-10-05,1,"판타지, 연도별웹툰"
하우스키퍼,2021-10-12,1,"판타지, 연도별웹툰"
하우스키퍼,2021-11-30,4,"판타지, 연도별웹툰"
하우스키퍼,2021-12-07,1,"판타지, 연도별웹툰"
하우스키퍼,2021-12-13,1,"판타지, 연도별웹툰"
하우스키퍼,2022-01-06,2,"판타지, 연도별웹툰"
하우스키퍼,2022-01-11,1,"판타지, 연도별웹툰"
하우스키퍼,2022-01-17,1,"판타지, 연도별웹툰"
하우스키퍼,2022-01-25,1,"판타지, 연도별웹툰"
하우스키퍼,2022-02-01,1,"판타지, 연도별웹툰"
하우스키퍼,2022-02-08,1,"판타지, 연도별웹툰"
하우스키퍼,2022-02-15,1,"판타지, 연도별웹툰"
하우스키퍼,2022-02-21,1,"판타지, 연도별웹툰"
하우스키퍼,2022-03-04,1,"판타지, 연도별웹툰"
하우스키퍼,2022-03-16,1,"판타지, 연도별웹툰"
하우스키퍼,2022-03-21,1,"판타지, 연도별웹툰"
하우스키퍼,2022-03-30,1,"판타지, 연도별웹툰"
하우스키퍼,2022-04-05,1,"판타지, 연도별웹툰"
하우스키퍼,2022-04-11,1,"판타지, 연도별웹툰"
하우스키퍼,2022-04-19,1,"판타지, 연도별웹툰"
하우스키퍼,2023-08-28,1,"판타지, 연도별웹툰"
하우스키퍼,2023-08-29,3,"판타지, 연도별웹툰"
하우스키퍼,2023-09-22,3,"판타지, 연도별웹툰"
하우스키퍼,2023-09-26,1,"판타지, 연도별웹툰"
하우스키퍼,2023-10-03,1,"판타지, 연도별웹툰"
하우스키퍼,2023-10-11,1,"판타지, 연도별웹툰"
하우스키퍼,2023-10-18,1,"판타지, 연도별웹툰"
하우스키퍼,2023-10-23,1,"판타지, 연도별웹툰"
하우스키퍼,2023-11-02,1,"판타지, 연도별웹툰"
하우스키퍼,2023-11-07,1,"판타지, 연도별웹툰"
하우스키퍼,2023-11-14,1,"판타지, 연도별웹툰"
하우스키퍼,2023-11-22,1,"판타지, 연도별웹툰"
하우스키퍼,2023-11-28,1,"판타지, 연도별웹툰"
하우스키퍼,2023-12-12,1,"판타지, 연도별웹툰"
하우스키퍼,2023-12-19,1,"판타지, 연도별웹툰"
하우스키퍼,2023-12-25,1,"판타지, 연도별웹툰"
하우스키퍼,2024-02-06,3,"판타지, 연도별웹툰"
하우스키퍼,2024-02-14,1,"판타지, 연도별웹툰"
하우스키퍼,2024-02-20,1,"판타지, 연도별웹툰"
하우스키퍼,2024-02-27,1,"판타지, 연도별웹툰"
하우스키퍼,2024-03-05,1,"판타지, 연도별웹툰"
하우스키퍼,2024-03-12,1,"판타지, 연도별웹툰"
하우스키퍼,2024-03-19,1,"판타지, 연도별웹툰"
하우스키퍼,2024-03-26,1,"판타지, 연도별웹툰"
하우스키퍼,2024-04-02,1,"판타지, 연도별웹툰"
하우스키퍼,2024-04-09,1,"판타지, 연도별웹툰"
하우스키퍼,2024-04-16,1,"판타지, 연도별웹툰"
하우스키퍼,2024-04-23,1,"판타지, 연도별웹툰"
하우스키퍼,2024-05-01,1,"판타지, 연도별웹툰"
하우스키퍼,2024-05-14,1,"판타지, 연도별웹툰"
하우스키퍼,2024-05-21,1,"판타지, 연도별웹툰"
하우스키퍼,2024-05-28,1,"판타지, 연도별웹툰"
하우스키퍼,2024-06-04,1,"판타지, 연도별웹툰"
하우스키퍼,2024-06-11,1,"판타지, 연도별웹툰"
하우스키퍼,2024-06-18,1,"판타지, 연도별웹툰"
하우스키퍼,2024-06-25,1,"판타지, 연도별웹툰"
대신 심부름을 해다...,2021-05-06,5,드라마
대신 심부름을 해다...,2021-05-10,1,드라마
대신 심부름을 해다...,2021-05-18,1,드라마
대신 심부름을 해다...,2021-05-25,1,드라마
대신 심부름을 해다...,2021-06-01,1,드라마
대신 심부름을 해다...,2021-06-08,1,드라마
대신 심부름을 해다...,2021-06-18,1,드라마
대신 심부름을 해다...,2021-06-23,1,드라마
대신 심부름을 해다...,2021-06-28,1,드라마
대신 심부름을 해다...,2021-07-05,1,드라마
대신 심부름을 해다...,2021-07-15,1,드라마
대신 심부름을 해다...,2021-07-20,1,드라마
대신 심부름을 해다...,2021-07-27,1,드라마
대신 심부름을 해다...,2022-04-05,3,드라마
대신 심부름을 해다...,2022-04-11,2,드라마
대신 심부름을 해다...,2022-04-20,1,드라마
대신 심부름을 해다...,2023-01-10,3,드라마
신의 탑,2021-05-17,4,"판타지, 연도별웹툰"
신의 탑,2021-05-24,1,"판타지, 연도별웹툰"
신의 탑,2021-05-30,1,"판타지, 연도별웹툰"
신의 탑,2021-06-06,2,"판타지, 연도별웹툰"
신의 탑,2021-06-16,1,"판타지, 연도별웹툰"
신의 탑,2021-06-21,1,"판타지, 연도별웹툰"
신의 탑,2021-06-28,1,"판타지, 연도별웹툰"
신의 탑,2021-07-05,1,"판타지, 연도별웹툰"
신의 탑,2021-07-15,1,"판타지, 연도별웹툰"
신의 탑,2021-07-20,1,"판타지, 연도별웹툰"
신의 탑,2021-10-11,5,"판타지, 연도별웹툰"
신의 탑,2021-10-18,1,"판타지, 연도별웹툰"
신의 탑,2021-10-25,1,"판타지, 연도별웹툰"
신의 탑,2021-11-02,1,"판타지, 연도별웹툰"
신의 탑,2021-11-08,1,"판타지, 연도별웹툰"
신의 탑,2023-04-17,8,"판타지, 연도별웹툰"
신의 탑,2023-04-24,1,"판타지, 연도별웹툰"
신의 탑,2023-05-01,1,"판타지, 연도별웹툰"
신의 탑,2023-05-08,1,"판타지, 연도별웹툰"
신의 탑,2023-05-14,1,"판타지, 연도별웹툰"
신의 탑,2023-05-22,1,"판타지, 연도별웹툰"
신의 탑,2023-05-29,1,"판타지, 연도별웹툰"
신의 탑,2023-06-05,1,"판타지, 연도별웹툰"
신의 탑,2023-06-12,1,"판타지, 연도별웹툰"
복학생 정순이,2021-06-04,1,드라마
조조코믹스,2021-08-22,5,"연도별웹툰, 로맨스"
조조코믹스,2021-09-01,3,"연도별웹툰, 로맨스"
조조코믹스,2021-09-05,1,"연도별웹툰, 로맨스"
조조코믹스,2021-09-10,1,"연도별웹툰, 로맨스"
조조코믹스,2021-09-11,1,"연도별웹툰, 로맨스"
조조코믹스,2021-09-15,1,"연도별웹툰, 로맨스"
조조코믹스,2021-09-18,1,"연도별웹툰, 로맨스"
조조코믹스,2021-09-22,1,"연도별웹툰, 로맨스"
조조코믹스,2021-09-26,1,"연도별웹툰, 로맨스"
조조코믹스,2021-09-29,1,"연도별웹툰, 로맨스"
조조코믹스,2021-10-02,1,"연도별웹툰, 로맨스"
조조코믹스,2021-10-09,2,"연도별웹툰, 로맨스"
조조코믹스,2021-10-12,1,"연도별웹툰, 로맨스"
조조코믹스,2021-10-16,1,"연도별웹툰, 로맨스"
조조코믹스,2021-10-20,1,"연도별웹툰, 로맨스"
조조코믹스,2021-10-23,1,"연도별웹툰, 로맨스"
조조코믹스,2021-10-27,1,"연도별웹툰, 로맨스"
조조코믹스,2021-10-29,1,"연도별웹툰, 로맨스"
조조코믹스,2021-11-03,1,"연도별웹툰, 로맨스"
조조코믹스,2021-11-05,1,"연도별웹툰, 로맨스"
조조코믹스,2021-11-12,1,"연도별웹툰, 로맨스"
조조코믹스,2021-11-20,2,"연도별웹툰, 로맨스"
조조코믹스,2021-11-24,1,"연도별웹툰, 로맨스"
조조코믹스,2021-11-27,1,"연도별웹툰, 로맨스"
조조코믹스,2021-12-01,1,"연도별웹툰, 로맨스"
조조코믹스,2021-12-04,1,"연도별웹툰, 로맨스"
조조코믹스,2021-12-08,1,"연도별웹툰, 로맨스"
조조코믹스,2021-12-11,1,"연도별웹툰, 로맨스"
조조코믹스,2021-12-14,1,"연도별웹툰, 로맨스"
조조코믹스,2021-12-18,1,"연도별웹툰, 로맨스"
조조코믹스,2021-12-22,1,"연도별웹툰, 로맨스"
조조코믹스,2021-12-25,1,"연도별웹툰, 로맨스"
조조코믹스,2021-12-29,1,"연도별웹툰, 로맨스"
조조코믹스,2022-01-01,1,"연도별웹툰, 로맨스"
조조코믹스,2022-01-05,1,"연도별웹툰, 로맨스"
조조코믹스,2022-01-08,1,"연도별웹툰, 로맨스"
조조코믹스,2022-01-12,1,"연도별웹툰, 로맨스"
조조코믹스,2022-05-21,3,"연도별웹툰, 로맨스"
조조코믹스,2022-05-26,1,"연도별웹툰, 로맨스"
조조코믹스,2022-05-29,1,"연도별웹툰, 로맨스"
조조코믹스,2022-06-15,3,"연도별웹툰, 로맨스"
조조코믹스,2022-06-17,1,"연도별웹툰, 로맨스"
조조코믹스,2022-06-22,1,"연도별웹툰, 로맨스"
조조코믹스,2022-06-24,1,"연도별웹툰, 로맨스"
조조코믹스,2022-07-02,2,"연도별웹툰, 로맨스"
조조코믹스,2022-07-06,1,"연도별웹툰, 로맨스"
조조코믹스,2022-07-09,1,"연도별웹툰, 로맨스"
조조코믹스,2022-07-13,1,"연도별웹툰, 로맨스"
조조코믹스,2022-07-20,2,"연도별웹툰, 로맨스"
조조코믹스,2022-07-23,1,"연도별웹툰, 로맨스"
조조코믹스,2022-07-27,1,"연도별웹툰, 로맨스"
조조코믹스,2022-07-30,1,"연도별웹툰, 로맨스"
조조코믹스,2022-08-04,1,"연도별웹툰, 로맨스"
조조코믹스,2022-08-06,1,"연도별웹툰, 로맨스"
조조코믹스,2022-08-10,1,"연도별웹툰, 로맨스"
조조코믹스,2022-08-13,1,"연도별웹툰, 로맨스"
조조코믹스,2022-08-19,1,"연도별웹툰, 로맨스"
조조코믹스,2022-08-20,1,"연도별웹툰, 로맨스"
조조코믹스,2022-08-24,1,"연도별웹툰, 로맨스"
조조코믹스,2022-08-27,1,"연도별웹툰, 로맨스"
조조코믹스,2022-08-31,1,"연도별웹툰, 로맨스"
조조코믹스,2022-09-05,1,"연도별웹툰, 로맨스"
조조코믹스,2022-09-07,1,"연도별웹툰, 로맨스"
조조코믹스,2022-09-12,1,"연도별웹툰, 로맨스"
조조코믹스,2022-09-14,1,"연도별웹툰, 로맨스"
조조코믹스,2022-09-17,1,"연도별웹툰, 로맨스"
조조코믹스,2022-09-21,1,"연도별웹툰, 로맨스"
조조코믹스,2022-09-25,1,"연도별웹툰, 로맨스"
조조코믹스,2022-09-28,1,"연도별웹툰, 로맨스"
조조코믹스,2022-10-01,1,"연도별웹툰, 로맨스"
조조코믹스,2023-12-30,4,"연도별웹툰, 로맨스"
조조코믹스,2024-01-03,1,"연도별웹툰, 로맨스"
조조코믹스,2024-01-09,1,"연도별웹툰, 로맨스"
조조코믹스,2024-01-11,1,"연도별웹툰, 로맨스"
조조코믹스,2024-01-13,1,"연도별웹툰, 로맨스"
조조코믹스,2024-01-17,1,"연도별웹툰, 로맨스"
조조코믹스,2024-01-25,2,"연도별웹툰, 로맨스"
조조코믹스,2024-01-28,1,"연도별웹툰, 로맨스"
조조코믹스,2024-01-31,1,"연도별웹툰, 로맨스"
조조코믹스,2024-02-03,1,"연도별웹툰, 로맨스"
조조코믹스,2024-02-06,1,"연도별웹툰, 로맨스"
조조코믹스,2024-02-10,1,"연도별웹툰, 로맨스"
조조코믹스,2024-02-14,1,"연도별웹툰, 로맨스"
조조코믹스,2024-02-17,1,"연도별웹툰, 로맨스"
조조코믹스,2024-02-21,4,"연도별웹툰, 로맨스"
조조코믹스,2024-02-24,1,"연도별웹툰, 로맨스"
조조코믹스,2024-02-27,1,"연도별웹툰, 로맨스"
조조코믹스,2024-03-02,1,"연도별웹툰, 로맨스"
조조코믹스,2024-03-06,1,"연도별웹툰, 로맨스"
조조코믹스,2024-03-09,1,"연도별웹툰, 로맨스"
조조코믹스,2024-03-13,1,"연도별웹툰, 로맨스"
조조코믹스,2024-03-16,1,"연도별웹툰, 로맨스"
조조코믹스,2024-03-19,1,"연도별웹툰, 로맨스"
조조코믹스,2024-03-23,1,"연도별웹툰, 로맨스"
조조코믹스,2024-03-26,1,"연도별웹툰, 로맨스"
조조코믹스,2024-03-30,1,"연도별웹툰, 로맨스"
조조코믹스,2024-04-03,1,"연도별웹툰, 로맨스"
조조코믹스,2024-04-06,1,"연도별웹툰, 로맨스"
조조코믹스,2024-04-10,1,"연도별웹툰, 로맨스"
조조코믹스,2024-04-13,1,"연도별웹툰, 로맨스"
조조코믹스,2024-04-17,1,"연도별웹툰, 로맨스"
조조코믹스,2024-04-20,1,"연도별웹툰, 로맨스"
조조코믹스,2024-04-24,1,"연도별웹툰, 로맨스"
조조코믹스,2024-04-27,1,"연도별웹툰, 로맨스"
조조코믹스,2024-04-30,1,"연도별웹툰, 로맨스"
조조코믹스,2024-05-04,1,"연도별웹툰, 로맨스"
조조코믹스,2024-09-04,2,"연도별웹툰, 로맨스"
조조코믹스,2024-09-07,1,"연도별웹툰, 로맨스"
조조코믹스,2024-09-11,1,"연도별웹툰, 로맨스"
조조코믹스,2024-09-14,1,"연도별웹툰, 로맨스"
조조코믹스,2024-09-18,1,"연도별웹툰, 로맨스"
조조코믹스,2024-09-21,1,"연도별웹툰, 로맨스"
조조코믹스,2024-09-25,1,"연도별웹툰, 로맨스"
조조코믹스,2024-09-28,1,"연도별웹툰, 로맨스"
조조코믹스,2024-10-02,1,"연도별웹툰, 로맨스"
조조코믹스,2024-10-05,1,"연도별웹툰, 로맨스"
조조코믹스,2024-10-09,1,"연도별웹툰, 로맨스"
조조코믹스,2024-10-12,1,"연도별웹툰, 로맨스"
조조코믹스,2024-10-16,1,"연도별웹툰, 로맨스"
조조코믹스,2024-10-19,1,"연도별웹툰, 로맨스"
조조코믹스,2024-10-23,1,"연도별웹툰, 로맨스"
조조코믹스,2024-10-26,1,"연도별웹툰, 로맨스"
조조코믹스,2024-10-30,1,"연도별웹툰, 로맨스"
조조코믹스,2024-11-02,1,"연도별웹툰, 로맨스"
조조코믹스,2024-11-06,1,"연도별웹툰, 로맨스"
모죠의 일지,2021-09-15,2,개그
모죠의 일지,2024-10-05,28,개그
모죠의 일지,2024-10-07,54,개그
겟백,2021-11-11,5,드라마
겟백,2021-11-18,1,드라마
겟백,2021-11-25,1,드라마
겟백,2021-12-02,1,드라마
겟백,2021-12-09,1,드라마
겟백,2021-12-15,1,드라마
겟백,2021-12-22,1,드라마
겟백,2021-12-30,1,드라마
겟백,2022-01-06,1,드라마
겟백,2022-01-14,1,드라마
겟백,2022-01-20,1,드라마
겟백,2022-01-27,1,드라마
겟백,2022-01-28,4,드라마
겟백,2022-02-03,1,드라마
겟백,2022-02-09,1,드라마
겟백,2022-02-19,1,드라마
겟백,2022-02-24,1,드라마
겟백,2022-03-04,1,드라마
겟백,2022-03-23,2,드라마
무의식의 숲 [독점...,2021-12-16,4,드라마
무의식의 숲 [독점...,2021-12-22,17,드라마
여고생 드래곤,2021-12-31,5,판타지
여고생 드래곤,2022-01-01,1,판타지
여고생 드래곤,2022-01-05,1,판타지
여고생 드래곤,2022-01-08,1,판타지
여고생 드래곤,2022-01-12,1,판타지
여고생 드래곤,2022-01-15,1,판타지
여고생 드래곤,2022-01-19,1,판타지
여고생 드래곤,2022-01-21,1,판타지
여고생 드래곤,2022-01-26,1,판타지
여고생 드래곤,2022-01-29,1,판타지
여고생 드래곤,2022-02-03,1,판타지
여고생 드래곤,2022-02-07,1,판타지
여고생 드래곤,2022-02-09,1,판타지
여고생 드래곤,2022-02-11,1,판타지
여고생 드래곤,2022-02-17,1,판타지
여고생 드래곤,2022-02-19,1,판타지
여고생 드래곤,2022-02-23,1,판타지
여고생 드래곤,2022-02-27,1,판타지
여고생 드래곤,2022-03-04,1,판타지
여고생 드래곤,2022-03-05,1,판타지
여고생 드래곤,2022-03-09,1,판타지
여고생 드래곤,2022-03-11,1,판타지
여고생 드래곤,2022-03-16,1,판타지
여고생 드래곤,2022-03-21,1,판타지
여고생 드래곤,2022-03-23,1,판타지
여고생 드래곤,2022-03-26,1,판타지
여고생 드래곤,2022-03-30,1,판타지
여고생 드래곤,2022-04-02,1,판타지
여고생 드래곤,2022-04-06,1,판타지
여고생 드래곤,2022-04-09,1,판타지
여고생 드래곤,2022-04-12,1,판타지
여고생 드래곤,2022-04-16,1,판타지
여고생 드래곤,2022-04-20,1,판타지
여고생 드래곤,2022-04-24,1,판타지
여고생 드래곤,2022-04-27,1,판타지
여고생 드래곤,2022-09-05,5,판타지
여고생 드래곤,2022-09-21,5,판타지
여고생 드래곤,2022-09-25,1,판타지
여고생 드래곤,2022-09-28,1,판타지
여고생 드래곤,2022-10-01,1,판타지
여고생 드래곤,2022-10-05,1,판타지
여고생 드래곤,2022-10-10,1,판타지
여고생 드래곤,2022-10-12,1,판타지
여고생 드래곤,2022-10-15,1,판타지
여고생 드래곤,2022-10-19,1,판타지
여고생 드래곤,2022-10-23,1,판타지
여고생 드래곤,2022-10-26,1,판타지
여고생 드래곤,2022-10-30,1,판타지
여고생 드래곤,2022-11-01,1,판타지
여고생 드래곤,2022-11-05,1,판타지
여고생 드래곤,2022-11-15,2,판타지
여고생 드래곤,2022-11-16,1,판타지
여고생 드래곤,2022-11-18,1,판타지
여고생 드래곤,2022-11-23,1,판타지
여고생 드래곤,2022-11-26,1,판타지
여고생 드래곤,2022-12-02,1,판타지
여고생 드래곤,2022-12-06,2,판타지
여고생 드래곤,2022-12-10,1,판타지
여고생 드래곤,2022-12-14,1,판타지
여고생 드래곤,2022-12-19,1,판타지
여고생 드래곤,2022-12-21,1,판타지
여고생 드래곤,2022-12-24,1,판타지
여고생 드래곤,2022-12-28,1,판타지
스튜디오 짭쪼롬,2022-01-04,1,로맨스
스튜디오 짭쪼롬,2022-01-05,57,로맨스
아는사람 이야기,2022-01-09,5,로맨스
원 뿔러스 원,2022-01-23,140,판타지
잔불의 기사,2022-01-24,3,"판타지, 연도별웹툰"
잔불의 기사,2022-01-30,1,"판타지, 연도별웹툰"
잔불의 기사,2022-02-07,1,"판타지, 연도별웹툰"
잔불의 기사,2022-02-14,1,"판타지, 연도별웹툰"
잔불의 기사,2022-02-20,1,"판타지, 연도별웹툰"
잔불의 기사,2022-02-28,1,"판타지, 연도별웹툰"
잔불의 기사,2022-03-07,1,"판타지, 연도별웹툰"
잔불의 기사,2022-03-13,1,"판타지, 연도별웹툰"
잔불의 기사,2022-03-20,1,"판타지, 연도별웹툰"
잔불의 기사,2022-03-28,1,"판타지, 연도별웹툰"
잔불의 기사,2022-04-04,1,"판타지, 연도별웹툰"
잔불의 기사,2022-04-11,1,"판타지, 연도별웹툰"
잔불의 기사,2022-04-18,1,"판타지, 연도별웹툰"
잔불의 기사,2022-04-24,1,"판타지, 연도별웹툰"
잔불의 기사,2022-04-25,1,"판타지, 연도별웹툰"
잔불의 기사,2022-05-19,3,"판타지, 연도별웹툰"
잔불의 기사,2022-05-22,1,"판타지, 연도별웹툰"
잔불의 기사,2022-05-30,1,"판타지, 연도별웹툰"
잔불의 기사,2022-06-14,2,"판타지, 연도별웹툰"
잔불의 기사,2022-06-20,1,"판타지, 연도별웹툰"
잔불의 기사,2022-06-27,1,"판타지, 연도별웹툰"
잔불의 기사,2022-07-04,1,"판타지, 연도별웹툰"
잔불의 기사,2022-07-11,1,"판타지, 연도별웹툰"
잔불의 기사,2022-07-18,1,"판타지, 연도별웹툰"
잔불의 기사,2022-07-24,1,"판타지, 연도별웹툰"
잔불의 기사,2022-08-01,1,"판타지, 연도별웹툰"
잔불의 기사,2022-08-07,1,"판타지, 연도별웹툰"
잔불의 기사,2022-08-15,1,"판타지, 연도별웹툰"
잔불의 기사,2022-08-22,1,"판타지, 연도별웹툰"
잔불의 기사,2022-08-29,1,"판타지, 연도별웹툰"
잔불의 기사,2022-09-05,1,"판타지, 연도별웹툰"
잔불의 기사,2022-09-12,1,"판타지, 연도별웹툰"
잔불의 기사,2022-09-19,1,"판타지, 연도별웹툰"
잔불의 기사,2022-09-26,1,"판타지, 연도별웹툰"
잔불의 기사,2022-10-03,1,"판타지, 연도별웹툰"
잔불의 기사,2022-10-10,1,"판타지, 연도별웹툰"
잔불의 기사,2022-10-17,1,"판타지, 연도별웹툰"
잔불의 기사,2022-10-24,1,"판타지, 연도별웹툰"
잔불의 기사,2022-10-31,1,"판타지, 연도별웹툰"
잔불의 기사,2022-11-07,1,"판타지, 연도별웹툰"
잔불의 기사,2022-11-15,1,"판타지, 연도별웹툰"
잔불의 기사,2022-11-21,1,"판타지, 연도별웹툰"
잔불의 기사,2022-11-28,1,"판타지, 연도별웹툰"
잔불의 기사,2022-12-05,1,"판타지, 연도별웹툰"
잔불의 기사,2022-12-13,1,"판타지, 연도별웹툰"
잔불의 기사,2022-12-19,1,"판타지, 연도별웹툰"
잔불의 기사,2022-12-27,1,"판타지, 연도별웹툰"
잔불의 기사,2023-01-02,1,"판타지, 연도별웹툰"
잔불의 기사,2023-01-09,1,"판타지, 연도별웹툰"
잔불의 기사,2023-01-16,1,"판타지, 연도별웹툰"
잔불의 기사,2023-01-23,1,"판타지, 연도별웹툰"
잔불의 기사,2023-01-30,1,"판타지, 연도별웹툰"
잔불의 기사,2023-02-06,1,"판타지, 연도별웹툰"
잔불의 기사,2023-02-13,1,"판타지, 연도별웹툰"
잔불의 기사,2023-02-20,1,"판타지, 연도별웹툰"
잔불의 기사,2023-02-27,1,"판타지, 연도별웹툰"
잔불의 기사,2023-03-06,1,"판타지, 연도별웹툰"
잔불의 기사,2023-03-13,1,"판타지, 연도별웹툰"
잔불의 기사,2023-03-19,1,"판타지, 연도별웹툰"
잔불의 기사,2023-03-28,1,"판타지, 연도별웹툰"
잔불의 기사,2023-04-03,1,"판타지, 연도별웹툰"
잔불의 기사,2023-04-10,1,"판타지, 연도별웹툰"
잔불의 기사,2023-04-17,1,"판타지, 연도별웹툰"
잔불의 기사,2023-04-24,1,"판타지, 연도별웹툰"
잔불의 기사,2023-05-01,1,"판타지, 연도별웹툰"
잔불의 기사,2023-05-08,1,"판타지, 연도별웹툰"
잔불의 기사,2023-05-14,1,"판타지, 연도별웹툰"
잔불의 기사,2023-05-22,1,"판타지, 연도별웹툰"
잔불의 기사,2023-05-29,1,"판타지, 연도별웹툰"
잔불의 기사,2023-06-05,1,"판타지, 연도별웹툰"
잔불의 기사,2023-06-12,1,"판타지, 연도별웹툰"
잔불의 기사,2023-06-19,1,"판타지, 연도별웹툰"
잔불의 기사,2023-06-26,1,"판타지, 연도별웹툰"
잔불의 기사,2023-07-03,1,"판타지, 연도별웹툰"
잔불의 기사,2023-07-10,1,"판타지, 연도별웹툰"
잔불의 기사,2023-07-17,1,"판타지, 연도별웹툰"
잔불의 기사,2023-07-23,1,"판타지, 연도별웹툰"
잔불의 기사,2023-07-31,1,"판타지, 연도별웹툰"
잔불의 기사,2023-08-07,1,"판타지, 연도별웹툰"
잔불의 기사,2023-08-14,1,"판타지, 연도별웹툰"
잔불의 기사,2023-08-21,1,"판타지, 연도별웹툰"
잔불의 기사,2023-08-28,1,"판타지, 연도별웹툰"
잔불의 기사,2023-09-04,1,"판타지, 연도별웹툰"
잔불의 기사,2023-09-11,1,"판타지, 연도별웹툰"
잔불의 기사,2023-09-18,1,"판타지, 연도별웹툰"
잔불의 기사,2023-09-24,1,"판타지, 연도별웹툰"
잔불의 기사,2023-10-02,1,"판타지, 연도별웹툰"
잔불의 기사,2023-10-09,1,"판타지, 연도별웹툰"
잔불의 기사,2023-10-16,1,"판타지, 연도별웹툰"
잔불의 기사,2023-10-23,1,"판타지, 연도별웹툰"
잔불의 기사,2023-10-30,1,"판타지, 연도별웹툰"
잔불의 기사,2023-11-06,1,"판타지, 연도별웹툰"
잔불의 기사,2023-11-13,1,"판타지, 연도별웹툰"
잔불의 기사,2023-11-19,1,"판타지, 연도별웹툰"
잔불의 기사,2023-11-27,1,"판타지, 연도별웹툰"
잔불의 기사,2024-05-20,3,"판타지, 연도별웹툰"
잔불의 기사,2024-05-27,1,"판타지, 연도별웹툰"
잔불의 기사,2024-06-03,1,"판타지, 연도별웹툰"
잔불의 기사,2024-06-10,1,"판타지, 연도별웹툰"
잔불의 기사,2024-06-17,1,"판타지, 연도별웹툰"
잔불의 기사,2024-06-24,1,"판타지, 연도별웹툰"
잔불의 기사,2024-06-30,1,"판타지, 연도별웹툰"
잔불의 기사,2024-07-08,1,"판타지, 연도별웹툰"
잔불의 기사,2024-07-15,1,"판타지, 연도별웹툰"
잔불의 기사,2024-07-21,1,"판타지, 연도별웹툰"
잔불의 기사,2024-07-29,1,"판타지, 연도별웹툰"
잔불의 기사,2024-08-05,1,"판타지, 연도별웹툰"
잔불의 기사,2024-08-12,1,"판타지, 연도별웹툰"
잔불의 기사,2024-08-19,1,"판타지, 연도별웹툰"
잔불의 기사,2024-08-26,1,"판타지, 연도별웹툰"
잔불의 기사,2024-09-02,1,"판타지, 연도별웹툰"
잔불의 기사,2024-09-08,1,"판타지, 연도별웹툰"
잔불의 기사,2024-09-16,1,"판타지, 연도별웹툰"
잔불의 기사,2024-09-23,1,"판타지, 연도별웹툰"
잔불의 기사,2024-09-29,1,"판타지, 연도별웹툰"
잔불의 기사,2024-10-06,1,"판타지, 연도별웹툰"
잔불의 기사,2024-10-14,1,"판타지, 연도별웹툰"
잔불의 기사,2024-10-21,1,"판타지, 연도별웹툰"
잔불의 기사,2024-10-28,1,"판타지, 연도별웹툰"
잔불의 기사,2024-11-04,1,"판타지, 연도별웹툰"
로베스의 완전감각,2022-03-05,67,판타지
로베스의 완전감각,2023-10-10,3,판타지
실질객관동화,2022-03-24,2,개그
실질객관동화,2022-03-26,12,개그
실질객관동화,2022-03-30,37,개그
실질객관동화,2022-04-03,4,개그
실질객관동화,2022-04-05,24,개그
실질객관동화,2022-04-10,2,개그
실질객관동화,2022-04-11,13,개그
실질객관동화,2022-04-14,7,개그
실질객관동화,2022-04-18,53,개그
실질객관영화,2022-04-18,23,개그
대학원 탈출일지,2022-05-19,5,"일상, 연도별웹툰"
대학원 탈출일지,2022-05-20,1,"일상, 연도별웹툰"
대학원 탈출일지,2022-05-23,1,"일상, 연도별웹툰"
대학원 탈출일지,2022-05-29,1,"일상, 연도별웹툰"
대학원 탈출일지,2022-10-13,5,"일상, 연도별웹툰"
대학원 탈출일지,2022-10-14,1,"일상, 연도별웹툰"
대학원 탈출일지,2022-10-19,1,"일상, 연도별웹툰"
대학원 탈출일지,2022-10-21,1,"일상, 연도별웹툰"
대학원 탈출일지,2022-10-25,1,"일상, 연도별웹툰"
대학원 탈출일지,2022-10-28,1,"일상, 연도별웹툰"
대학원 탈출일지,2022-11-01,1,"일상, 연도별웹툰"
대학원 탈출일지,2022-11-04,1,"일상, 연도별웹툰"
대학원 탈출일지,2022-11-08,1,"일상, 연도별웹툰"
대학원 탈출일지,2022-11-11,1,"일상, 연도별웹툰"
대학원 탈출일지,2022-11-15,1,"일상, 연도별웹툰"
대학원 탈출일지,2022-11-18,1,"일상, 연도별웹툰"
대학원 탈출일지,2022-11-22,1,"일상, 연도별웹툰"
대학원 탈출일지,2022-11-24,1,"일상, 연도별웹툰"
대학원 탈출일지,2022-11-29,1,"일상, 연도별웹툰"
대학원 탈출일지,2022-12-09,3,"일상, 연도별웹툰"
대학원 탈출일지,2022-12-14,1,"일상, 연도별웹툰"
대학원 탈출일지,2022-12-16,1,"일상, 연도별웹툰"
대학원 탈출일지,2022-12-20,1,"일상, 연도별웹툰"
대학원 탈출일지,2022-12-23,1,"일상, 연도별웹툰"
대학원 탈출일지,2022-12-31,2,"일상, 연도별웹툰"
대학원 탈출일지,2023-01-03,1,"일상, 연도별웹툰"
대학원 탈출일지,2023-01-07,1,"일상, 연도별웹툰"
대학원 탈출일지,2023-01-10,1,"일상, 연도별웹툰"
대학원 탈출일지,2023-01-13,1,"일상, 연도별웹툰"
대학원 탈출일지,2023-01-17,1,"일상, 연도별웹툰"
대학원 탈출일지,2023-01-20,1,"일상, 연도별웹툰"
대학원 탈출일지,2023-01-24,1,"일상, 연도별웹툰"
대학원 탈출일지,2023-07-03,1,"일상, 연도별웹툰"
대학원 탈출일지,2023-07-04,4,"일상, 연도별웹툰"
대학원 탈출일지,2023-07-07,1,"일상, 연도별웹툰"
대학원 탈출일지,2023-07-11,1,"일상, 연도별웹툰"
대학원 탈출일지,2023-07-14,1,"일상, 연도별웹툰"
대학원 탈출일지,2023-08-10,5,"일상, 연도별웹툰"
대학원 탈출일지,2023-08-11,1,"일상, 연도별웹툰"
대학원 탈출일지,2023-08-17,1,"일상, 연도별웹툰"
대학원 탈출일지,2023-08-26,3,"일상, 연도별웹툰"
대학원 탈출일지,2023-08-29,1,"일상, 연도별웹툰"
대학원 탈출일지,2023-09-01,1,"일상, 연도별웹툰"
대학원 탈출일지,2023-09-12,1,"일상, 연도별웹툰"
대학원 탈출일지,2023-09-22,3,"일상, 연도별웹툰"
대학원 탈출일지,2023-09-26,1,"일상, 연도별웹툰"
대학원 탈출일지,2023-11-04,5,"일상, 연도별웹툰"
대학원 탈출일지,2023-11-07,1,"일상, 연도별웹툰"
대학원 탈출일지,2023-11-10,1,"일상, 연도별웹툰"
대학원 탈출일지,2023-12-16,5,"일상, 연도별웹툰"
대학원 탈출일지,2023-12-19,1,"일상, 연도별웹툰"
대학원 탈출일지,2023-12-30,3,"일상, 연도별웹툰"
대학원 탈출일지,2024-02-02,5,"일상, 연도별웹툰"
대학원 탈출일지,2024-02-06,1,"일상, 연도별웹툰"
대학원 탈출일지,2024-02-09,1,"일상, 연도별웹툰"
대학원 탈출일지,2024-02-13,1,"일상, 연도별웹툰"
가령의 정체불명 이...,2022-05-21,1,드라마
애늙은이,2022-06-23,18,"판타지, 연도별웹툰"
애늙은이,2022-06-26,2,"판타지, 연도별웹툰"
애늙은이,2022-06-27,2,"판타지, 연도별웹툰"
애늙은이,2022-07-14,2,"판타지, 연도별웹툰"
애늙은이,2022-08-11,2,"판타지, 연도별웹툰"
애늙은이,2022-08-13,2,"판타지, 연도별웹툰"
애늙은이,2022-08-15,1,"판타지, 연도별웹툰"
애늙은이,2024-10-23,22,"판타지, 연도별웹툰"
애늙은이,2024-10-27,1,"판타지, 연도별웹툰"
호랑신랑뎐,2022-07-11,4,판타지
호랑신랑뎐,2022-07-14,3,판타지
호랑신랑뎐,2022-07-18,1,판타지
호랑신랑뎐,2022-07-21,1,판타지
호랑신랑뎐,2022-07-25,1,판타지
호랑신랑뎐,2022-07-28,1,판타지
호랑신랑뎐,2022-08-03,1,판타지
호랑신랑뎐,2022-08-04,1,판타지
호랑신랑뎐,2022-08-07,1,판타지
호랑신랑뎐,2022-08-11,1,판타지
호랑신랑뎐,2022-08-19,2,판타지
호랑신랑뎐,2022-08-22,1,판타지
호랑신랑뎐,2022-08-25,1,판타지
호랑신랑뎐,2022-08-29,1,판타지
호랑신랑뎐,2022-09-01,1,판타지
호랑신랑뎐,2022-09-05,1,판타지
호랑신랑뎐,2022-09-13,2,판타지
호랑신랑뎐,2022-09-19,2,판타지
호랑신랑뎐,2022-09-23,1,판타지
호랑신랑뎐,2022-09-26,1,판타지
호랑신랑뎐,2022-09-29,1,판타지
호랑신랑뎐,2022-10-03,1,판타지
호랑신랑뎐,2022-10-06,1,판타지
호랑신랑뎐,2022-10-10,1,판타지
호랑신랑뎐,2022-10-13,1,판타지
호랑신랑뎐,2022-10-17,1,판타지
호랑신랑뎐,2022-10-20,1,판타지
호랑신랑뎐,2022-10-24,1,판타지
호랑신랑뎐,2022-10-26,1,판타지
호랑신랑뎐,2022-10-31,1,판타지
호랑신랑뎐,2022-11-02,1,판타지
호랑신랑뎐,2022-11-07,1,판타지
호랑신랑뎐,2022-11-11,1,판타지
호랑신랑뎐,2022-11-15,1,판타지
호랑신랑뎐,2022-11-17,1,판타지
호랑신랑뎐,2022-11-21,1,판타지
호랑신랑뎐,2022-11-24,1,판타지
호랑신랑뎐,2022-11-28,1,판타지
호랑신랑뎐,2022-12-02,1,판타지
호랑신랑뎐,2022-12-06,1,판타지
호랑신랑뎐,2022-12-08,1,판타지
호랑신랑뎐,2022-12-13,1,판타지
호랑신랑뎐,2022-12-16,1,판타지
호랑신랑뎐,2022-12-19,1,판타지
호랑신랑뎐,2022-12-22,1,판타지
호랑신랑뎐,2022-12-27,1,판타지
호랑신랑뎐,2022-12-29,1,판타지
호랑신랑뎐,2023-01-02,1,판타지
호랑신랑뎐,2023-01-06,1,판타지
호랑신랑뎐,2023-01-09,1,판타지
호랑신랑뎐,2023-01-12,1,판타지
호랑신랑뎐,2023-01-16,1,판타지
호랑신랑뎐,2023-01-19,1,판타지
호랑신랑뎐,2023-01-23,1,판타지
호랑신랑뎐,2023-01-26,1,판타지
호랑신랑뎐,2023-01-30,1,판타지
호랑신랑뎐,2023-02-02,1,판타지
호랑신랑뎐,2023-02-06,1,판타지
호랑신랑뎐,2023-02-12,1,판타지
호랑신랑뎐,2023-02-13,1,판타지
호랑신랑뎐,2023-02-17,1,판타지
호랑신랑뎐,2023-02-20,1,판타지
호랑신랑뎐,2023-06-12,2,판타지
길고양이 행진[독점...,2022-11-09,91,판타지
보나파르트,2022-11-10,2,액션
보나파르트,2022-11-15,2,액션
보나파르트,2022-11-16,1,액션
보나파르트,2022-11-21,1,액션
보나파르트,2022-11-28,1,액션
보나파르트,2022-12-05,1,액션
보나파르트,2022-12-13,1,액션
보나파르트,2022-12-20,1,액션
보나파르트,2022-12-27,1,액션
보나파르트,2023-01-02,1,액션
보나파르트,2023-01-09,1,액션
보나파르트,2023-01-17,1,액션
보나파르트,2023-01-23,1,액션
보나파르트,2023-01-31,1,액션
보나파르트,2023-02-07,1,액션
보나파르트,2023-02-13,1,액션
보나파르트,2023-02-20,1,액션
보나파르트,2023-02-27,1,액션
보나파르트,2023-03-11,1,액션
보나파르트,2023-03-13,1,액션
보나파르트,2023-03-21,1,액션
보나파르트,2023-03-28,1,액션
보나파르트,2023-04-03,2,액션
보나파르트,2023-04-11,1,액션
보나파르트,2023-04-18,1,액션
보나파르트,2023-04-25,1,액션
보나파르트,2023-05-02,1,액션
순정빌런,2022-11-16,5,"연도별웹툰, 로맨스"
순정빌런,2022-11-17,1,"연도별웹툰, 로맨스"
순정빌런,2022-11-24,1,"연도별웹툰, 로맨스"
순정빌런,2022-12-01,1,"연도별웹툰, 로맨스"
순정빌런,2022-12-08,1,"연도별웹툰, 로맨스"
순정빌런,2022-12-16,1,"연도별웹툰, 로맨스"
순정빌런,2022-12-22,1,"연도별웹툰, 로맨스"
순정빌런,2022-12-29,1,"연도별웹툰, 로맨스"
순정빌런,2023-01-06,1,"연도별웹툰, 로맨스"
순정빌런,2023-01-12,1,"연도별웹툰, 로맨스"
순정빌런,2023-01-19,1,"연도별웹툰, 로맨스"
순정빌런,2023-01-26,1,"연도별웹툰, 로맨스"
순정빌런,2023-02-02,1,"연도별웹툰, 로맨스"
순정빌런,2023-02-09,1,"연도별웹툰, 로맨스"
순정빌런,2023-02-17,1,"연도별웹툰, 로맨스"
순정빌런,2023-02-24,1,"연도별웹툰, 로맨스"
순정빌런,2023-03-02,1,"연도별웹툰, 로맨스"
순정빌런,2023-03-13,1,"연도별웹툰, 로맨스"
순정빌런,2023-03-16,1,"연도별웹툰, 로맨스"
순정빌런,2023-03-25,1,"연도별웹툰, 로맨스"
순정빌런,2023-03-30,1,"연도별웹툰, 로맨스"
순정빌런,2023-04-06,1,"연도별웹툰, 로맨스"
순정빌런,2023-04-13,1,"연도별웹툰, 로맨스"
순정빌런,2023-04-20,1,"연도별웹툰, 로맨스"
순정빌런,2023-04-27,1,"연도별웹툰, 로맨스"
순정빌런,2024-05-02,5,"연도별웹툰, 로맨스"
순정빌런,2024-05-10,1,"연도별웹툰, 로맨스"
순정빌런,2024-05-17,1,"연도별웹툰, 로맨스"
순정빌런,2024-05-23,1,"연도별웹툰, 로맨스"
순정빌런,2024-05-30,1,"연도별웹툰, 로맨스"
순정빌런,2024-06-06,1,"연도별웹툰, 로맨스"
순정빌런,2024-06-13,1,"연도별웹툰, 로맨스"
순정빌런,2024-06-19,1,"연도별웹툰, 로맨스"
순정빌런,2024-06-27,1,"연도별웹툰, 로맨스"
순정빌런,2024-07-04,1,"연도별웹툰, 로맨스"
순정빌런,2024-07-11,1,"연도별웹툰, 로맨스"
순정빌런,2024-07-19,1,"연도별웹툰, 로맨스"
순정빌런,2024-07-24,1,"연도별웹툰, 로맨스"
순정빌런,2024-07-31,1,"연도별웹툰, 로맨스"
순정빌런,2024-08-08,1,"연도별웹툰, 로맨스"
순정빌런,2024-08-16,1,"연도별웹툰, 로맨스"
순정빌런,2024-08-22,1,"연도별웹툰, 로맨스"
순정빌런,2024-08-30,1,"연도별웹툰, 로맨스"
순정빌런,2024-09-05,1,"연도별웹툰, 로맨스"
순정빌런,2024-09-12,1,"연도별웹툰, 로맨스"
순정빌런,2024-09-19,1,"연도별웹툰, 로맨스"
순정빌런,2024-09-26,1,"연도별웹툰, 로맨스"
순정빌런,2024-10-03,1,"연도별웹툰, 로맨스"
순정빌런,2024-10-10,1,"연도별웹툰, 로맨스"
순정빌런,2024-10-17,1,"연도별웹툰, 로맨스"
순정빌런,2024-10-24,1,"연도별웹툰, 로맨스"
순정빌런,2024-11-07,1,"연도별웹툰, 로맨스"
놓지마 정신줄 시즌...,2022-12-31,1,개그
인간의 숲,2023-01-03,4,스릴러
아인슈페너,2023-01-12,5,"스릴러, 연도별웹툰"
아인슈페너,2023-01-19,1,"스릴러, 연도별웹툰"
아인슈페너,2023-01-26,1,"스릴러, 연도별웹툰"
피와 살,2023-02-05,1,스릴러
케찰코아틀 - 헤수...,2023-05-31,5,"드라마, 연도별웹툰"
케찰코아틀 - 헤수...,2023-06-07,1,"드라마, 연도별웹툰"
케찰코아틀 - 헤수...,2023-06-13,1,"드라마, 연도별웹툰"
케찰코아틀 - 헤수...,2023-06-21,1,"드라마, 연도별웹툰"
케찰코아틀 - 헤수...,2023-06-28,1,"드라마, 연도별웹툰"
케찰코아틀 - 헤수...,2023-07-05,1,"드라마, 연도별웹툰"
케찰코아틀 - 헤수...,2023-07-12,1,"드라마, 연도별웹툰"
케찰코아틀 - 헤수...,2023-07-18,1,"드라마, 연도별웹툰"
케찰코아틀 - 헤수...,2023-07-26,1,"드라마, 연도별웹툰"
케찰코아틀 - 헤수...,2023-08-03,1,"드라마, 연도별웹툰"
케찰코아틀 - 헤수...,2023-08-10,1,"드라마, 연도별웹툰"
케찰코아틀 - 헤수...,2023-08-15,1,"드라마, 연도별웹툰"
케찰코아틀 - 헤수...,2023-08-23,1,"드라마, 연도별웹툰"
케찰코아틀 - 헤수...,2023-08-30,1,"드라마, 연도별웹툰"
케찰코아틀 - 헤수...,2023-09-08,1,"드라마, 연도별웹툰"
케찰코아틀 - 헤수...,2023-09-14,1,"드라마, 연도별웹툰"
케찰코아틀 - 헤수...,2023-09-20,1,"드라마, 연도별웹툰"
케찰코아틀 - 헤수...,2023-09-26,1,"드라마, 연도별웹툰"
케찰코아틀 - 헤수...,2023-10-03,1,"드라마, 연도별웹툰"
케찰코아틀 - 헤수...,2023-10-11,1,"드라마, 연도별웹툰"
케찰코아틀 - 헤수...,2023-10-18,1,"드라마, 연도별웹툰"
케찰코아틀 - 헤수...,2023-10-26,1,"드라마, 연도별웹툰"
케찰코아틀 - 헤수...,2023-11-01,1,"드라마, 연도별웹툰"
케찰코아틀 - 헤수...,2023-11-08,1,"드라마, 연도별웹툰"
케찰코아틀 - 헤수...,2023-11-15,1,"드라마, 연도별웹툰"
케찰코아틀 - 헤수...,2023-11-22,1,"드라마, 연도별웹툰"
케찰코아틀 - 헤수...,2023-11-29,1,"드라마, 연도별웹툰"
케찰코아틀 - 다빗,2023-05-31,6,"드라마, 연도별웹툰"
케찰코아틀 - 다빗,2023-06-08,1,"드라마, 연도별웹툰"
케찰코아틀 - 다빗,2023-06-15,1,"드라마, 연도별웹툰"
케찰코아틀 - 다빗,2023-06-23,1,"드라마, 연도별웹툰"
케찰코아틀 - 다빗,2023-06-29,1,"드라마, 연도별웹툰"
케찰코아틀 - 다빗,2023-07-06,1,"드라마, 연도별웹툰"
케찰코아틀 - 다빗,2023-07-13,1,"드라마, 연도별웹툰"
케찰코아틀 - 다빗,2023-07-20,1,"드라마, 연도별웹툰"
케찰코아틀 - 다빗,2023-07-26,1,"드라마, 연도별웹툰"
케찰코아틀 - 다빗,2023-08-03,1,"드라마, 연도별웹툰"
케찰코아틀 - 다빗,2023-08-10,1,"드라마, 연도별웹툰"
케찰코아틀 - 다빗,2023-08-17,1,"드라마, 연도별웹툰"
케찰코아틀 - 다빗,2023-08-24,1,"드라마, 연도별웹툰"
케찰코아틀 - 다빗,2023-08-31,1,"드라마, 연도별웹툰"
케찰코아틀 - 다빗,2023-09-08,1,"드라마, 연도별웹툰"
케찰코아틀 - 다빗,2023-09-14,1,"드라마, 연도별웹툰"
케찰코아틀 - 다빗,2023-09-21,1,"드라마, 연도별웹툰"
케찰코아틀 - 다빗,2023-09-28,1,"드라마, 연도별웹툰"
케찰코아틀 - 다빗,2023-10-05,1,"드라마, 연도별웹툰"
케찰코아틀 - 다빗,2023-10-12,1,"드라마, 연도별웹툰"
케찰코아틀 - 다빗,2023-10-19,1,"드라마, 연도별웹툰"
케찰코아틀 - 다빗,2023-10-26,1,"드라마, 연도별웹툰"
케찰코아틀 - 다빗,2023-11-02,1,"드라마, 연도별웹툰"
케찰코아틀 - 다빗,2023-11-10,1,"드라마, 연도별웹툰"
케찰코아틀 - 다빗,2023-11-16,1,"드라마, 연도별웹툰"
케찰코아틀 - 다빗,2023-11-23,1,"드라마, 연도별웹툰"
케찰코아틀 - 다빗,2023-11-30,1,"드라마, 연도별웹툰"
더블클릭,2023-06-03,4,"액션, 연도별웹툰"
더블클릭,2023-06-05,1,"액션, 연도별웹툰"
더블클릭,2023-06-12,1,"액션, 연도별웹툰"
더블클릭,2023-06-19,1,"액션, 연도별웹툰"
더블클릭,2023-06-26,1,"액션, 연도별웹툰"
더블클릭,2023-07-03,1,"액션, 연도별웹툰"
더블클릭,2023-07-10,1,"액션, 연도별웹툰"
더블클릭,2023-07-17,1,"액션, 연도별웹툰"
더블클릭,2023-07-23,1,"액션, 연도별웹툰"
더블클릭,2023-07-31,1,"액션, 연도별웹툰"
더블클릭,2023-08-07,1,"액션, 연도별웹툰"
더블클릭,2023-08-14,1,"액션, 연도별웹툰"
더블클릭,2023-08-21,1,"액션, 연도별웹툰"
더블클릭,2023-08-28,1,"액션, 연도별웹툰"
더블클릭,2023-09-12,2,"액션, 연도별웹툰"
더블클릭,2023-09-18,1,"액션, 연도별웹툰"
더블클릭,2023-09-24,1,"액션, 연도별웹툰"
더블클릭,2023-10-02,1,"액션, 연도별웹툰"
더블클릭,2023-10-09,1,"액션, 연도별웹툰"
더블클릭,2023-10-16,1,"액션, 연도별웹툰"
더블클릭,2023-10-23,1,"액션, 연도별웹툰"
더블클릭,2023-10-30,1,"액션, 연도별웹툰"
더블클릭,2023-11-06,1,"액션, 연도별웹툰"
더블클릭,2023-11-13,1,"액션, 연도별웹툰"
더블클릭,2023-11-19,1,"액션, 연도별웹툰"
더블클릭,2023-11-27,1,"액션, 연도별웹툰"
더블클릭,2023-12-04,1,"액션, 연도별웹툰"
더블클릭,2023-12-11,1,"액션, 연도별웹툰"
더블클릭,2023-12-18,1,"액션, 연도별웹툰"
더블클릭,2023-12-25,1,"액션, 연도별웹툰"
더블클릭,2024-01-01,1,"액션, 연도별웹툰"
더블클릭,2024-01-09,1,"액션, 연도별웹툰"
더블클릭,2024-01-15,1,"액션, 연도별웹툰"
더블클릭,2024-01-22,1,"액션, 연도별웹툰"
더블클릭,2024-01-29,1,"액션, 연도별웹툰"
더블클릭,2024-02-05,1,"액션, 연도별웹툰"
더블클릭,2024-02-12,1,"액션, 연도별웹툰"
더블클릭,2024-02-19,1,"액션, 연도별웹툰"
더블클릭,2024-02-26,1,"액션, 연도별웹툰"
더블클릭,2024-03-04,1,"액션, 연도별웹툰"
더블클릭,2024-03-11,1,"액션, 연도별웹툰"
더블클릭,2024-03-17,1,"액션, 연도별웹툰"
더블클릭,2024-03-25,1,"액션, 연도별웹툰"
더블클릭,2024-03-31,1,"액션, 연도별웹툰"
더블클릭,2024-04-08,1,"액션, 연도별웹툰"
더블클릭,2024-04-15,1,"액션, 연도별웹툰"
더블클릭,2024-04-22,1,"액션, 연도별웹툰"
더블클릭,2024-04-29,1,"액션, 연도별웹툰"
더블클릭,2024-05-06,1,"액션, 연도별웹툰"
더블클릭,2024-05-13,1,"액션, 연도별웹툰"
더블클릭,2024-05-19,1,"액션, 연도별웹툰"
더블클릭,2024-05-27,1,"액션, 연도별웹툰"
더블클릭,2024-06-03,1,"액션, 연도별웹툰"
더블클릭,2024-06-10,1,"액션, 연도별웹툰"
더블클릭,2024-06-17,1,"액션, 연도별웹툰"
더블클릭,2024-06-24,1,"액션, 연도별웹툰"
더블클릭,2024-06-30,1,"액션, 연도별웹툰"
더블클릭,2024-07-08,1,"액션, 연도별웹툰"
더블클릭,2024-07-15,1,"액션, 연도별웹툰"
더블클릭,2024-07-21,1,"액션, 연도별웹툰"
더블클릭,2024-07-29,1,"액션, 연도별웹툰"
더블클릭,2024-08-05,1,"액션, 연도별웹툰"
더블클릭,2024-08-11,1,"액션, 연도별웹툰"
더블클릭,2024-08-19,1,"액션, 연도별웹툰"
더블클릭,2024-08-26,1,"액션, 연도별웹툰"
더블클릭,2024-09-02,1,"액션, 연도별웹툰"
더블클릭,2024-09-08,1,"액션, 연도별웹툰"
더블클릭,2024-09-16,1,"액션, 연도별웹툰"
더블클릭,2024-09-23,1,"액션, 연도별웹툰"
더블클릭,2024-09-29,1,"액션, 연도별웹툰"
더블클릭,2024-10-07,1,"액션, 연도별웹툰"
더블클릭,2024-10-14,1,"액션, 연도별웹툰"
더블클릭,2024-10-21,1,"액션, 연도별웹툰"
더블클릭,2024-10-28,1,"액션, 연도별웹툰"
더블클릭,2024-11-04,1,"액션, 연도별웹툰"
신혼일기,2023-06-29,3,
신혼일기,2023-07-02,1,
신혼일기,2023-07-06,1,
신혼일기,2023-07-09,1,
신혼일기,2023-07-13,1,
신혼일기,2023-07-16,1,
신혼일기,2023-07-20,1,
신혼일기,2023-07-23,1,
신혼일기,2023-07-26,1,
신혼일기,2023-07-30,1,
신혼일기,2023-08-03,1,
신혼일기,2023-08-06,1,
신혼일기,2023-08-10,1,
신혼일기,2023-08-13,1,
신혼일기,2023-08-17,1,
신혼일기,2023-08-20,1,
신혼일기,2023-08-24,1,
신혼일기,2023-08-27,1,
신혼일기,2023-08-31,1,
신혼일기,2023-09-08,2,
신혼일기,2023-09-10,1,
신혼일기,2023-09-14,1,
신혼일기,2023-09-17,1,
신혼일기,2023-09-21,1,
신혼일기,2023-09-24,1,
신혼일기,2024-05-26,10,
신혼일기,2024-05-30,1,
신혼일기,2024-06-02,1,
신혼일기,2024-06-06,1,
신혼일기,2024-06-10,1,
신혼일기,2024-06-13,1,
신혼일기,2024-06-16,1,
신혼일기,2024-06-19,1,
신혼일기,2024-06-23,1,
신혼일기,2024-06-27,1,
신혼일기,2024-06-30,1,
신혼일기,2024-07-04,1,
신혼일기,2024-07-07,1,
신혼일기,2024-07-11,1,
선천적 얼간이들,2023-08-25,3,"개그, 연도별웹툰"
선천적 얼간이들,2023-08-31,1,"개그, 연도별웹툰"
선천적 얼간이들,2023-09-08,1,"개그, 연도별웹툰"
선천적 얼간이들,2023-09-14,1,"개그, 연도별웹툰"
선천적 얼간이들,2023-09-21,1,"개그, 연도별웹툰"
애구애구,2023-08-29,4,"드라마, 연도별웹툰"
애구애구,2023-09-22,2,"드라마, 연도별웹툰"
애구애구,2023-09-23,1,"드라마, 연도별웹툰"
야채호빵의 봄방학,2023-08-30,6,드라마
마왕까지 한 걸음 ...,2023-09-15,5,"판타지, 연도별웹툰"
마왕까지 한 걸음 ...,2023-09-21,1,"판타지, 연도별웹툰"
마왕까지 한 걸음 ...,2023-09-28,1,"판타지, 연도별웹툰"
마왕까지 한 걸음 ...,2023-10-05,1,"판타지, 연도별웹툰"
마왕까지 한 걸음 ...,2023-10-12,1,"판타지, 연도별웹툰"
마왕까지 한 걸음 ...,2023-10-19,1,"판타지, 연도별웹툰"
마왕까지 한 걸음 ...,2023-10-26,1,"판타지, 연도별웹툰"
마왕까지 한 걸음 ...,2023-11-02,1,"판타지, 연도별웹툰"
마왕까지 한 걸음 ...,2023-11-10,1,"판타지, 연도별웹툰"
마왕까지 한 걸음 ...,2023-11-16,1,"판타지, 연도별웹툰"
마왕까지 한 걸음 ...,2023-11-23,1,"판타지, 연도별웹툰"
마왕까지 한 걸음 ...,2023-12-16,3,"판타지, 연도별웹툰"
마왕까지 한 걸음 ...,2024-01-29,5,"판타지, 연도별웹툰"
마왕까지 한 걸음 ...,2024-01-31,1,"판타지, 연도별웹툰"
마왕까지 한 걸음 ...,2024-02-08,1,"판타지, 연도별웹툰"
마왕까지 한 걸음 ...,2024-02-15,5,"판타지, 연도별웹툰"
마왕까지 한 걸음 ...,2024-02-22,1,"판타지, 연도별웹툰"
마왕까지 한 걸음 ...,2024-02-28,1,"판타지, 연도별웹툰"
마왕까지 한 걸음 ...,2024-03-07,1,"판타지, 연도별웹툰"
마왕까지 한 걸음 ...,2024-03-14,1,"판타지, 연도별웹툰"
마왕까지 한 걸음 ...,2024-03-22,1,"판타지, 연도별웹툰"
마왕까지 한 걸음 ...,2024-03-28,1,"판타지, 연도별웹툰"
마왕까지 한 걸음 ...,2024-04-05,1,"판타지, 연도별웹툰"
마왕까지 한 걸음 ...,2024-04-11,1,"판타지, 연도별웹툰"
마왕까지 한 걸음 ...,2024-04-18,1,"판타지, 연도별웹툰"
마왕까지 한 걸음 ...,2024-04-24,1,"판타지, 연도별웹툰"
마왕까지 한 걸음 ...,2024-05-02,1,"판타지, 연도별웹툰"
마왕까지 한 걸음 ...,2024-05-10,1,"판타지, 연도별웹툰"
마왕까지 한 걸음 ...,2024-05-17,1,"판타지, 연도별웹툰"
마왕까지 한 걸음 ...,2024-05-23,1,"판타지, 연도별웹툰"
마왕까지 한 걸음 ...,2024-05-30,1,"판타지, 연도별웹툰"
마왕까지 한 걸음 ...,2024-06-06,1,"판타지, 연도별웹툰"
마왕까지 한 걸음 ...,2024-06-13,1,"판타지, 연도별웹툰"
마왕까지 한 걸음 ...,2024-06-19,1,"판타지, 연도별웹툰"
마왕까지 한 걸음 ...,2024-06-27,1,"판타지, 연도별웹툰"
마왕까지 한 걸음 ...,2024-07-04,1,"판타지, 연도별웹툰"
마왕까지 한 걸음 ...,2024-07-11,1,"판타지, 연도별웹툰"
마왕까지 한 걸음 ...,2024-07-19,1,"판타지, 연도별웹툰"
마왕까지 한 걸음 ...,2024-07-25,1,"판타지, 연도별웹툰"
마왕까지 한 걸음 ...,2024-07-31,1,"판타지, 연도별웹툰"
마왕까지 한 걸음 ...,2024-08-08,1,"판타지, 연도별웹툰"
마왕까지 한 걸음 ...,2024-08-16,1,"판타지, 연도별웹툰"
마왕까지 한 걸음 ...,2024-08-22,1,"판타지, 연도별웹툰"
마왕까지 한 걸음 ...,2024-08-30,1,"판타지, 연도별웹툰"
마왕까지 한 걸음 ...,2024-09-05,1,"판타지, 연도별웹툰"
마왕까지 한 걸음 ...,2024-09-12,1,"판타지, 연도별웹툰"
마왕까지 한 걸음 ...,2024-09-19,1,"판타지, 연도별웹툰"
마왕까지 한 걸음 ...,2024-09-26,1,"판타지, 연도별웹툰"
마왕까지 한 걸음 ...,2024-10-03,1,"판타지, 연도별웹툰"
마왕까지 한 걸음 ...,2024-10-10,1,"판타지, 연도별웹툰"
마왕까지 한 걸음 ...,2024-10-17,1,"판타지, 연도별웹툰"
마왕까지 한 걸음 ...,2024-10-24,1,"판타지, 연도별웹툰"
마왕까지 한 걸음 ...,2024-10-31,1,"판타지, 연도별웹툰"
마왕까지 한 걸음 ...,2024-11-07,1,"판타지, 연도별웹툰"
마법사랑해,2023-09-19,5,"판타지, 연도별웹툰"
마법사랑해,2023-09-21,1,"판타지, 연도별웹툰"
마법사랑해,2023-09-28,1,"판타지, 연도별웹툰"
마법사랑해,2023-10-05,1,"판타지, 연도별웹툰"
마법사랑해,2023-10-12,1,"판타지, 연도별웹툰"
마법사랑해,2023-10-19,1,"판타지, 연도별웹툰"
마법사랑해,2023-11-02,1,"판타지, 연도별웹툰"
마법사랑해,2023-11-10,1,"판타지, 연도별웹툰"
마법사랑해,2023-11-16,1,"판타지, 연도별웹툰"
마법사랑해,2023-11-23,1,"판타지, 연도별웹툰"
마법사랑해,2023-11-30,1,"판타지, 연도별웹툰"
마법사랑해,2023-12-08,1,"판타지, 연도별웹툰"
마법사랑해,2023-12-16,1,"판타지, 연도별웹툰"
마법사랑해,2023-12-21,1,"판타지, 연도별웹툰"
마법사랑해,2023-12-28,1,"판타지, 연도별웹툰"
마법사랑해,2024-01-11,1,"판타지, 연도별웹툰"
마법사랑해,2024-01-30,2,"판타지, 연도별웹툰"
마법사랑해,2024-01-31,1,"판타지, 연도별웹툰"
마법사랑해,2024-02-11,2,"판타지, 연도별웹툰"
마법사랑해,2024-02-15,1,"판타지, 연도별웹툰"
마법사랑해,2024-02-22,1,"판타지, 연도별웹툰"
마법사랑해,2024-02-28,1,"판타지, 연도별웹툰"
마법사랑해,2024-03-07,1,"판타지, 연도별웹툰"
마법사랑해,2024-03-14,1,"판타지, 연도별웹툰"
마법사랑해,2024-03-21,2,"판타지, 연도별웹툰"
마법사랑해,2024-03-22,1,"판타지, 연도별웹툰"
마법사랑해,2024-03-28,1,"판타지, 연도별웹툰"
마법사랑해,2024-04-05,1,"판타지, 연도별웹툰"
마법사랑해,2024-04-11,1,"판타지, 연도별웹툰"
마법사랑해,2024-04-18,1,"판타지, 연도별웹툰"
로맨스 당도 백퍼센...,2023-10-17,5,일상
로맨스 당도 백퍼센...,2023-10-21,1,일상
로맨스 당도 백퍼센...,2023-10-24,1,일상
로맨스 당도 백퍼센...,2023-10-29,1,일상
전여친,2023-10-21,19,로맨스
샌프란시스코 화랑관,2023-11-13,97,드라마
샌프란시스코 화랑관,2024-06-04,7,드라마
샌프란시스코 화랑관,2024-06-07,21,드라마
샌프란시스코 화랑관,2024-06-08,60,드라마
샌프란시스코 화랑관,2024-06-09,9,드라마
계룡선녀전,2023-11-15,32,드라마
슈퍼 시크릿,2023-11-15,93,로맨스
유미의 세포들,2024-02-21,78,로맨스
마음의소리2,2024-03-13,4,"개그, 연도별웹툰"
마음의소리2,2024-03-19,1,"개그, 연도별웹툰"
마음의소리2,2024-03-26,1,"개그, 연도별웹툰"
마음의소리2,2024-04-02,1,"개그, 연도별웹툰"
마음의소리2,2024-04-09,1,"개그, 연도별웹툰"
마음의소리2,2024-04-17,1,"개그, 연도별웹툰"
마음의소리2,2024-04-23,1,"개그, 연도별웹툰"
마음의소리2,2024-05-02,1,"개그, 연도별웹툰"
마음의소리2,2024-05-10,1,"개그, 연도별웹툰"
마음의소리2,2024-05-29,3,"개그, 연도별웹툰"
마음의소리2,2024-06-04,1,"개그, 연도별웹툰"
마음의소리2,2024-06-11,1,"개그, 연도별웹툰"
마음의소리2,2024-06-18,1,"개그, 연도별웹툰"
네이처맨,2024-03-28,2,"개그, 연도별웹툰"
환생동물학교,2024-04-27,2,감성
환생동물학교,2024-05-03,1,감성
"헤어진 다음날, 달...",2024-05-18,2,드라마
에밀리의 저택,2024-05-23,4,"개그, 연도별웹툰"
에밀리의 저택,2024-05-30,1,"개그, 연도별웹툰"
에밀리의 저택,2024-06-06,1,"개그, 연도별웹툰"
에밀리의 저택,2024-06-13,1,"개그, 연도별웹툰"
에밀리의 저택,2024-06-19,1,"개그, 연도별웹툰"
에밀리의 저택,2024-06-27,1,"개그, 연도별웹툰"
에밀리의 저택,2024-07-04,1,"개그, 연도별웹툰"
에밀리의 저택,2024-07-11,1,"개그, 연도별웹툰"
에밀리의 저택,2024-07-19,1,"개그, 연도별웹툰"
에밀리의 저택,2024-07-25,1,"개그, 연도별웹툰"
에밀리의 저택,2024-07-31,1,"개그, 연도별웹툰"
에밀리의 저택,2024-08-08,1,"개그, 연도별웹툰"
에밀리의 저택,2024-08-16,1,"개그, 연도별웹툰"
에밀리의 저택,2024-08-22,1,"개그, 연도별웹툰"
에밀리의 저택,2024-08-30,1,"개그, 연도별웹툰"
에밀리의 저택,2024-09-05,1,"개그, 연도별웹툰"
에밀리의 저택,2024-09-12,1,"개그, 연도별웹툰"
에밀리의 저택,2024-09-19,1,"개그, 연도별웹툰"
에밀리의 저택,2024-09-26,1,"개그, 연도별웹툰"
에밀리의 저택,2024-10-03,1,"개그, 연도별웹툰"
에밀리의 저택,2024-10-10,1,"개그, 연도별웹툰"
에밀리의 저택,2024-10-17,1,"개그, 연도별웹툰"
에밀리의 저택,2024-10-24,1,"개그, 연도별웹툰"
에밀리의 저택,2024-10-31,1,"개그, 연도별웹툰"
에밀리의 저택,2024-11-07,1,"개그, 연도별웹툰"
그렇게 물거품이 되...,2024-05-24,5,"판타지, 연도별웹툰"
그렇게 물거품이 되...,2024-05-31,1,"판타지, 연도별웹툰"
그렇게 물거품이 되...,2024-06-07,1,"판타지, 연도별웹툰"
그렇게 물거품이 되...,2024-06-14,1,"판타지, 연도별웹툰"
그렇게 물거품이 되...,2024-06-20,1,"판타지, 연도별웹툰"
그렇게 물거품이 되...,2024-06-28,1,"판타지, 연도별웹툰"
그렇게 물거품이 되...,2024-07-05,1,"판타지, 연도별웹툰"
그렇게 물거품이 되...,2024-07-12,1,"판타지, 연도별웹툰"
그렇게 물거품이 되...,2024-07-25,1,"판타지, 연도별웹툰"
그렇게 물거품이 되...,2024-08-02,1,"판타지, 연도별웹툰"
그렇게 물거품이 되...,2024-08-08,1,"판타지, 연도별웹툰"
그렇게 물거품이 되...,2024-08-16,1,"판타지, 연도별웹툰"
그렇게 물거품이 되...,2024-08-23,1,"판타지, 연도별웹툰"
그렇게 물거품이 되...,2024-08-30,1,"판타지, 연도별웹툰"
그렇게 물거품이 되...,2024-09-06,1,"판타지, 연도별웹툰"
그렇게 물거품이 되...,2024-09-13,1,"판타지, 연도별웹툰"
그렇게 물거품이 되...,2024-09-20,1,"판타지, 연도별웹툰"
그렇게 물거품이 되...,2024-09-27,1,"판타지, 연도별웹툰"
그렇게 물거품이 되...,2024-10-04,1,"판타지, 연도별웹툰"
그렇게 물거품이 되...,2024-10-11,1,"판타지, 연도별웹툰"
그렇게 물거품이 되...,2024-10-17,1,"판타지, 연도별웹툰"
그렇게 물거품이 되...,2024-10-25,1,"판타지, 연도별웹툰"
그렇게 물거품이 되...,2024-11-01,1,"판타지, 연도별웹툰"
그렇게 물거품이 되...,2024-11-07,1,"판타지, 연도별웹툰"
사자의 서,2024-06-14,5,"판타지, 연도별웹툰"
사자의 서,2024-06-21,1,"판타지, 연도별웹툰"
사자의 서,2024-06-28,1,"판타지, 연도별웹툰"
사자의 서,2024-07-05,1,"판타지, 연도별웹툰"
사자의 서,2024-07-12,1,"판타지, 연도별웹툰"
사자의 서,2024-07-19,1,"판타지, 연도별웹툰"
사자의 서,2024-07-26,1,"판타지, 연도별웹툰"
사자의 서,2024-08-02,1,"판타지, 연도별웹툰"
사자의 서,2024-08-09,1,"판타지, 연도별웹툰"
사자의 서,2024-08-16,1,"판타지, 연도별웹툰"
사자의 서,2024-08-23,1,"판타지, 연도별웹툰"
사자의 서,2024-08-30,1,"판타지, 연도별웹툰"
사자의 서,2024-09-06,1,"판타지, 연도별웹툰"
사자의 서,2024-09-13,1,"판타지, 연도별웹툰"
사자의 서,2024-09-20,1,"판타지, 연도별웹툰"
소곤소곤,2024-06-14,8,스릴러
귀곡의 문 [189...,2024-06-16,1,드라마
아수라,2024-06-27,2,"판타지, 연도별웹툰"
아수라,2024-07-06,1,"판타지, 연도별웹툰"
육아일기,2024-07-14,1,"일상, 연도별웹툰"
육아일기,2024-07-19,1,"일상, 연도별웹툰"
육아일기,2024-07-22,1,"일상, 연도별웹툰"
육아일기,2024-07-25,1,"일상, 연도별웹툰"
육아일기,2024-07-29,1,"일상, 연도별웹툰"
육아일기,2024-07-31,1,"일상, 연도별웹툰"
육아일기,2024-08-04,1,"일상, 연도별웹툰"
육아일기,2024-08-08,1,"일상, 연도별웹툰"
육아일기,2024-08-11,1,"일상, 연도별웹툰"
육아일기,2024-08-16,1,"일상, 연도별웹툰"
육아일기,2024-08-18,1,"일상, 연도별웹툰"
육아일기,2024-08-22,1,"일상, 연도별웹툰"
육아일기,2024-08-26,1,"일상, 연도별웹툰"
육아일기,2024-08-30,1,"일상, 연도별웹툰"
육아일기,2024-09-01,1,"일상, 연도별웹툰"
육아일기,2024-09-05,1,"일상, 연도별웹툰"
육아일기,2024-09-08,1,"일상, 연도별웹툰"
육아일기,2024-09-12,1,"일상, 연도별웹툰"
육아일기,2024-09-15,1,"일상, 연도별웹툰"
육아일기,2024-09-19,1,"일상, 연도별웹툰"
육아일기,2024-09-22,1,"일상, 연도별웹툰"
육아일기,2024-09-26,1,"일상, 연도별웹툰"
육아일기,2024-09-29,1,"일상, 연도별웹툰"
육아일기,2024-10-03,1,"일상, 연도별웹툰"
육아일기,2024-10-06,1,"일상, 연도별웹툰"
육아일기,2024-10-10,1,"일상, 연도별웹툰"
육아일기,2024-10-13,1,"일상, 연도별웹툰"
육아일기,2024-10-17,1,"일상, 연도별웹툰"
육아일기,2024-10-20,1,"일상, 연도별웹툰"
육아일기,2024-10-24,1,"일상, 연도별웹툰"
육아일기,2024-10-27,1,"일상, 연도별웹툰"
육아일기,2024-10-31,1,"일상, 연도별웹툰"
육아일기,2024-11-03,1,"일상, 연도별웹툰"
육아일기,2024-11-07,1,"일상, 연도별웹툰"
어린이집 다니는 구...,2024-07-29,2,"일상, 연도별웹툰"
기자매,2024-08-08,4,"감성, 드라마, 일상, 개그, 로맨스, 판타지, 연도별웹툰, 브랜드웹툰, 스포츠, 스릴러, 액션, 무협/사극"
기자매,2024-08-30,1,"감성, 드라마, 일상, 개그, 로맨스, 판타지, 연도별웹툰, 브랜드웹툰, 스포츠, 스릴러, 액션, 무협/사극"
기자매,2024-09-05,1,"감성, 드라마, 일상, 개그, 로맨스, 판타지, 연도별웹툰, 브랜드웹툰, 스포츠, 스릴러, 액션, 무협/사극"
기자매,2024-09-12,1,"감성, 드라마, 일상, 개그, 로맨스, 판타지, 연도별웹툰, 브랜드웹툰, 스포츠, 스릴러, 액션, 무협/사극"
기자매,2024-09-26,1,"감성, 드라마, 일상, 개그, 로맨스, 판타지, 연도별웹툰, 브랜드웹툰, 스포츠, 스릴러, 액션, 무협/사극"
기자매,2024-09-27,1,"감성, 드라마, 일상, 개그, 로맨스, 판타지, 연도별웹툰, 브랜드웹툰, 스포츠, 스릴러, 액션, 무협/사극"
기자매,2024-10-04,1,"감성, 드라마, 일상, 개그, 로맨스, 판타지, 연도별웹툰, 브랜드웹툰, 스포츠, 스릴러, 액션, 무협/사극"
기자매,2024-10-16,1,"감성, 드라마, 일상, 개그, 로맨스, 판타지, 연도별웹툰, 브랜드웹툰, 스포츠, 스릴러, 액션, 무협/사극"
기자매,2024-10-17,1,"감성, 드라마, 일상, 개그, 로맨스, 판타지, 연도별웹툰, 브랜드웹툰, 스포츠, 스릴러, 액션, 무협/사극"
기자매,2024-10-24,1,"감성, 드라마, 일상, 개그, 로맨스, 판타지, 연도별웹툰, 브랜드웹툰, 스포츠, 스릴러, 액션, 무협/사극"
기자매,2024-10-31,1,"감성, 드라마, 일상, 개그, 로맨스, 판타지, 연도별웹툰, 브랜드웹툰, 스포츠, 스릴러, 액션, 무협/사극"
이발소 밑 게임가게,2024-09-29,3,"감성, 연도별웹툰"
가공낙원,2024-10-15,1,"판타지, 연도별웹툰"
낢이 사는 이야기 ...,2024-10-15,5,"일상, 연도별웹툰"
낢이 사는 이야기 ...,2024-10-18,1,"일상, 연도별웹툰"
낢이 사는 이야기 ...,2024-10-22,1,"일상, 연도별웹툰"
낢이 사는 이야기 ...,2024-10-26,1,"일상, 연도별웹툰"
낢이 사는 이야기 ...,2024-10-29,1,"일상, 연도별웹툰"
낢이 사는 이야기 ...,2024-11-02,1,"일상, 연도별웹툰"
낢이 사는 이야기 ...,2024-11-05,1,"일상, 연도별웹툰"
소곤소곤2,2024-10-18,3,스릴러
소곤소곤2,2024-10-25,1,스릴러
소곤소곤2,2024-11-01,1,스릴러
오늘 밤은 어둠이 ...,2024-10-22,1,일상
아랫집 시누이,2024-10-22,1,일상
낢이 사는 이야기,2024-10-22,2,"일상, 연도별웹툰"
낢이 사는 이야기,2024-10-23,12,"일상, 연도별웹툰"
낢이 사는 이야기,2024-10-31,1,"일상, 연도별웹툰"
